phase,file,block_bytes,ms
1,01,1,268.665
1,02,2,129.892
1,03,4,68.440
1,04,8,33.673
1,05,16,16.956
1,06,32,7.849
1,07,64,4.047
1,08,128,2.281
1,09,256,1.085
1,10,512,0.606
1,11,1024,0.362
1,12,2048,0.236
1,13,4096,0.164
1,14,8192,0.093
1,15,16384,0.061
1,16,32768,0.037
1,17,65536,0.034
1,18,131072,0.024
2,01,1,245.954
2,02,2,121.984
2,03,4,59.833
2,04,8,29.927
2,05,16,14.775
2,06,32,7.359
2,07,64,3.775
2,08,128,1.907
2,09,256,0.987
2,10,512,0.502
2,11,1024,0.259
2,12,2048,0.146
2,13,4096,0.088
2,14,8192,0.053
2,15,16384,0.036
2,16,32768,0.033
2,17,65536,0.026
2,18,131072,0.031
3,01,1,237.150
3,02,2,118.416
3,03,4,59.641
3,04,8,29.381
3,05,16,14.738
3,06,32,7.369
3,07,64,3.688
3,08,128,1.864
3,09,256,0.963
3,10,512,0.498
3,11,1024,0.278
3,12,2048,0.143
3,13,4096,0.081
3,14,8192,0.052
3,15,16384,0.040
3,16,32768,0.033
3,17,65536,0.037
3,18,131072,0.021
4,01,1,238.463
4,02,2,119.180
4,03,4,59.397
4,04,8,29.427
4,05,16,15.168
4,06,32,7.637
4,07,64,3.871
4,08,128,1.936
4,09,256,1.021
4,10,512,0.627
4,11,1024,0.352
4,12,2048,0.144
4,13,4096,0.085
4,14,8192,0.052
4,15,16384,0.039
4,16,32768,0.033
4,17,65536,0.029
4,18,131072,0.030
5,01,1,249.489
5,02,2,122.158
5,03,4,61.228
5,04,8,30.114
5,05,16,15.353
5,06,32,7.597
5,07,64,3.802
5,08,128,1.922
5,09,256,0.909
5,10,512,0.480
5,11,1024,0.238
5,12,2048,0.124
5,13,4096,0.071
5,14,8192,0.060
5,15,16384,0.031
5,16,32768,0.027
5,17,65536,0.025
5,18,131072,0.022
6,01,1,243.441
6,02,2,120.736
6,03,4,59.145
6,04,8,29.489
6,05,16,14.815
6,06,32,7.334
6,07,64,3.764
6,08,128,1.804
6,09,256,0.920
6,10,512,0.485
6,11,1024,0.238
6,12,2048,0.139
6,13,4096,0.079
6,14,8192,0.049
6,15,16384,0.049
6,16,32768,0.037
6,17,65536,0.026
6,18,131072,0.024
7,01,1,239.033
7,02,2,121.046
7,03,4,61.145
7,04,8,29.997
7,05,16,15.042
7,06,32,7.567
7,07,64,3.577
7,08,128,1.799
7,09,256,0.911
7,10,512,0.499
7,11,1024,0.250
7,12,2048,0.129
7,13,4096,0.067
7,14,8192,0.040
7,15,16384,0.032
7,16,32768,0.025
7,17,65536,0.020
7,18,131072,0.029
8,01,1,238.139
8,02,2,118.497
8,03,4,59.353
8,04,8,29.732
8,05,16,14.793
8,06,32,7.388
8,07,64,3.677
8,08,128,1.840
8,09,256,0.968
8,10,512,0.487
8,11,1024,0.253
8,12,2048,0.137
8,13,4096,0.069
8,14,8192,0.053
8,15,16384,0.031
8,16,32768,0.033
8,17,65536,0.021
8,18,131072,0.030
9,01,1,240.742
9,02,2,120.797
9,03,4,59.945
9,04,8,29.442
9,05,16,14.991
9,06,32,7.385
9,07,64,3.734
9,08,128,1.920
9,09,256,0.959
9,10,512,0.487
9,11,1024,0.253
9,12,2048,0.133
9,13,4096,0.078
9,14,8192,0.070
9,15,16384,0.035
9,16,32768,0.033
9,17,65536,0.037
9,18,131072,0.033
10,01,1,239.866
10,02,2,120.641
10,03,4,60.782
10,04,8,30.179
10,05,16,14.979
10,06,32,7.553
10,07,64,3.817
10,08,128,1.910
10,09,256,1.005
10,10,512,0.501
10,11,1024,0.255
10,12,2048,0.139
10,13,4096,0.079
10,14,8192,0.046
10,15,16384,0.031
10,16,32768,0.025
10,17,65536,0.027
10,18,131072,0.019
11,01,1,240.395
11,02,2,119.873
11,03,4,60.253
11,04,8,29.708
11,05,16,15.006
11,06,32,7.559
11,07,64,3.793
11,08,128,1.913
11,09,256,0.974
11,10,512,0.500
11,11,1024,0.261
11,12,2048,0.144
11,13,4096,0.072
11,14,8192,0.049
11,15,16384,0.033
11,16,32768,0.030
11,17,65536,0.022
11,18,131072,0.020
12,01,1,241.666
12,02,2,118.881
12,03,4,63.343
12,04,8,60.444
12,05,16,31.451
12,06,32,14.673
12,07,64,7.683
12,08,128,3.818
12,09,256,1.809
12,10,512,0.906
12,11,1024,0.458
12,12,2048,0.234
12,13,4096,0.124
12,14,8192,0.073
12,15,16384,0.044
12,16,32768,0.032
12,17,65536,0.042
12,18,131072,0.021
13,01,1,269.274
13,02,2,131.366
13,03,4,65.144
13,04,8,32.981
13,05,16,16.252
13,06,32,8.115
13,07,64,4.156
13,08,128,2.111
13,09,256,1.056
13,10,512,0.495
13,11,1024,0.263
13,12,2048,0.140
13,13,4096,0.079
13,14,8192,0.048
13,15,16384,0.039
13,16,32768,0.032
13,17,65536,0.028
13,18,131072,0.031
14,01,1,241.654
14,02,2,120.633
14,03,4,59.164
14,04,8,30.024
14,05,16,14.565
14,06,32,7.534
14,07,64,3.750
14,08,128,1.898
14,09,256,0.932
14,10,512,0.491
14,11,1024,0.255
14,12,2048,0.129
14,13,4096,0.066
14,14,8192,0.044
14,15,16384,0.029
14,16,32768,0.024
14,17,65536,0.020
14,18,131072,0.020
15,01,1,240.370
15,02,2,120.883
15,03,4,59.436
15,04,8,30.026
15,05,16,14.693
15,06,32,7.493
15,07,64,3.802
15,08,128,1.891
15,09,256,0.978
15,10,512,0.499
15,11,1024,0.250
15,12,2048,0.131
15,13,4096,0.073
15,14,8192,0.045
15,15,16384,0.029
15,16,32768,0.023
15,17,65536,0.021
15,18,131072,0.019
16,01,1,240.363
16,02,2,119.429
16,03,4,59.624
16,04,8,30.030
16,05,16,14.668
16,06,32,7.477
16,07,64,3.815
16,08,128,1.888
16,09,256,0.973
16,10,512,0.485
16,11,1024,0.246
16,12,2048,0.129
16,13,4096,0.073
16,14,8192,0.044
16,15,16384,0.028
16,16,32768,0.024
16,17,65536,0.019
16,18,131072,0.018
17,01,1,240.672
17,02,2,120.976
17,03,4,60.194
17,04,8,30.079
17,05,16,15.076
17,06,32,7.577
17,07,64,3.791
17,08,128,1.946
17,09,256,0.989
17,10,512,0.498
17,11,1024,0.257
17,12,2048,0.139
17,13,4096,0.083
17,14,8192,0.055
17,15,16384,0.045
17,16,32768,0.029
17,17,65536,0.025
17,18,131072,0.027
18,01,1,239.852
18,02,2,121.004
18,03,4,59.180
18,04,8,30.276
18,05,16,14.706
18,06,32,7.547
18,07,64,3.785
18,08,128,1.885
18,09,256,0.974
18,10,512,0.492
18,11,1024,0.252
18,12,2048,0.133
18,13,4096,0.074
18,14,8192,0.043
18,15,16384,0.033
18,16,32768,0.027
18,17,65536,0.026
18,18,131072,0.019
19,01,1,239.857
19,02,2,120.824
19,03,4,59.950
19,04,8,29.956
19,05,16,14.724
19,06,32,7.574
19,07,64,3.776
19,08,128,1.925
19,09,256,0.971
19,10,512,0.481
19,11,1024,0.249
19,12,2048,0.140
19,13,4096,0.087
19,14,8192,0.055
19,15,16384,0.046
19,16,32768,0.036
19,17,65536,0.034
19,18,131072,0.034
20,01,1,241.027
20,02,2,121.234
20,03,4,59.274
20,04,8,29.913
20,05,16,14.680
20,06,32,7.522
20,07,64,3.798
20,08,128,1.881
20,09,256,0.918
20,10,512,0.493
20,11,1024,0.245
20,12,2048,0.134
20,13,4096,0.082
20,14,8192,0.045
20,15,16384,0.031
20,16,32768,0.027
20,17,65536,0.020
20,18,131072,0.020
21,01,1,240.536
21,02,2,119.817
21,03,4,59.563
21,04,8,29.914
21,05,16,14.781
21,06,32,7.431
21,07,64,3.739
21,08,128,1.815
21,09,256,0.975
21,10,512,0.499
21,11,1024,0.261
21,12,2048,0.134
21,13,4096,0.085
21,14,8192,0.053
21,15,16384,0.034
21,16,32768,0.026
21,17,65536,0.023
21,18,131072,0.021
22,01,1,239.824
22,02,2,120.663
22,03,4,59.572
22,04,8,30.208
22,05,16,14.705
22,06,32,7.467
22,07,64,3.769
22,08,128,1.877
22,09,256,0.961
22,10,512,0.490
22,11,1024,0.256
22,12,2048,0.132
22,13,4096,0.080
22,14,8192,0.048
22,15,16384,0.034
22,16,32768,0.025
22,17,65536,0.024
22,18,131072,0.018
23,01,1,239.855
23,02,2,120.806
23,03,4,59.370
23,04,8,30.082
23,05,16,14.535
23,06,32,7.491
23,07,64,3.771
23,08,128,1.938
23,09,256,1.016
23,10,512,0.501
23,11,1024,0.260
23,12,2048,0.137
23,13,4096,0.080
23,14,8192,0.052
23,15,16384,0.036
23,16,32768,0.027
23,17,65536,0.023
23,18,131072,0.024
24,01,1,240.985
24,02,2,121.500
24,03,4,59.786
24,04,8,30.691
24,05,16,15.073
24,06,32,7.638
24,07,64,3.813
24,08,128,1.905
24,09,256,0.987
24,10,512,0.500
24,11,1024,0.255
24,12,2048,0.134
24,13,4096,0.076
24,14,8192,0.046
24,15,16384,0.032
24,16,32768,0.029
24,17,65536,0.032
24,18,131072,0.020
25,01,1,269.106
25,02,2,120.999
25,03,4,59.720
25,04,8,30.098
25,05,16,14.760
25,06,32,7.685
25,07,64,3.785
25,08,128,1.939
25,09,256,0.966
25,10,512,0.495
25,11,1024,0.254
25,12,2048,0.137
25,13,4096,0.080
25,14,8192,0.049
25,15,16384,0.033
25,16,32768,0.025
25,17,65536,0.026
25,18,131072,0.030
26,01,1,239.946
26,02,2,120.633
26,03,4,59.587
26,04,8,30.103
26,05,16,14.696
26,06,32,7.575
26,07,64,3.803
26,08,128,1.848
26,09,256,0.971
26,10,512,0.486
26,11,1024,0.246
26,12,2048,0.130
26,13,4096,0.076
26,14,8192,0.046
26,15,16384,0.031
26,16,32768,0.023
26,17,65536,0.022
26,18,131072,0.029
27,01,1,240.074
27,02,2,121.077
27,03,4,59.737
27,04,8,30.688
27,05,16,15.117
27,06,32,7.800
27,07,64,3.895
27,08,128,1.948
27,09,256,0.993
27,10,512,0.498
27,11,1024,0.255
27,12,2048,0.136
27,13,4096,0.078
27,14,8192,0.048
27,15,16384,0.036
27,16,32768,0.026
27,17,65536,0.025
27,18,131072,0.023
28,01,1,241.757
28,02,2,122.197
28,03,4,60.470
28,04,8,30.146
28,05,16,14.805
28,06,32,7.645
28,07,64,3.779
28,08,128,1.925
28,09,256,0.976
28,10,512,0.494
28,11,1024,0.253
28,12,2048,0.135
28,13,4096,0.074
28,14,8192,0.046
28,15,16384,0.037
28,16,32768,0.030
28,17,65536,0.021
28,18,131072,0.019
29,01,1,243.397
29,02,2,121.232
29,03,4,60.272
29,04,8,30.190
29,05,16,14.552
29,06,32,7.804
29,07,64,3.764
29,08,128,1.891
29,09,256,0.990
29,10,512,0.488
29,11,1024,0.258
29,12,2048,0.160
29,13,4096,0.084
29,14,8192,0.052
29,15,16384,0.039
29,16,32768,0.026
29,17,65536,0.024
29,18,131072,0.020
30,01,1,247.014
30,02,2,161.525
30,03,4,91.001
30,04,8,48.253
30,05,16,21.481
30,06,32,11.099
30,07,64,5.694
30,08,128,2.705
30,09,256,1.355
30,10,512,0.682
30,11,1024,0.267
30,12,2048,0.192
30,13,4096,0.099
30,14,8192,0.059
30,15,16384,0.037
30,16,32768,0.026
30,17,65536,0.022
30,18,131072,0.019
31,01,1,340.435
31,02,2,171.231
31,03,4,84.054
31,04,8,42.302
31,05,16,20.912
31,06,32,10.761
31,07,64,5.272
31,08,128,2.702
31,09,256,1.402
31,10,512,0.700
31,11,1024,0.263
31,12,2048,0.191
31,13,4096,0.100
31,14,8192,0.060
31,15,16384,0.048
31,16,32768,0.029
31,17,65536,0.021
31,18,131072,0.019
32,01,1,336.110
32,02,2,170.655
32,03,4,84.187
32,04,8,42.298
32,05,16,20.790
32,06,32,10.629
32,07,64,5.324
32,08,128,2.648
32,09,256,1.356
32,10,512,0.672
32,11,1024,0.258
32,12,2048,0.190
32,13,4096,0.122
32,14,8192,0.055
32,15,16384,0.043
32,16,32768,0.026
32,17,65536,0.029
32,18,131072,0.019
33,01,1,279.444
33,02,2,135.953
33,03,4,67.896
33,04,8,33.404
33,05,16,16.539
33,06,32,8.829
33,07,64,4.264
33,08,128,2.135
33,09,256,1.080
33,10,512,0.563
33,11,1024,0.259
33,12,2048,0.169
33,13,4096,0.089
33,14,8192,0.055
33,15,16384,0.042
33,16,32768,0.040
33,17,65536,0.030
33,18,131072,0.021
34,01,1,243.634
34,02,2,122.349
34,03,4,61.284
34,04,8,30.558
34,05,16,15.028
34,06,32,7.595
34,07,64,3.806
34,08,128,1.906
34,09,256,0.973
34,10,512,0.489
34,11,1024,0.265
34,12,2048,0.143
34,13,4096,0.078
34,14,8192,0.049
34,15,16384,0.033
34,16,32768,0.024
34,17,65536,0.024
34,18,131072,0.020
35,01,1,244.232
35,02,2,121.948
35,03,4,60.346
35,04,8,30.359
35,05,16,14.915
35,06,32,7.540
35,07,64,3.787
35,08,128,1.911
35,09,256,0.988
35,10,512,0.485
35,11,1024,0.276
35,12,2048,0.139
35,13,4096,0.079
35,14,8192,0.048
35,15,16384,0.040
35,16,32768,0.027
35,17,65536,0.023
35,18,131072,0.023
36,01,1,242.112
36,02,2,122.268
36,03,4,60.393
36,04,8,29.910
36,05,16,14.954
36,06,32,7.566
36,07,64,3.789
36,08,128,1.884
36,09,256,0.960
36,10,512,0.490
36,11,1024,0.247
36,12,2048,0.132
36,13,4096,0.075
36,14,8192,0.047
36,15,16384,0.040
36,16,32768,0.023
36,17,65536,0.024
36,18,131072,0.020
37,01,1,240.983
37,02,2,124.302
37,03,4,61.017
37,04,8,30.010
37,05,16,15.246
37,06,32,8.030
37,07,64,4.196
37,08,128,1.920
37,09,256,0.952
37,10,512,0.489
37,11,1024,0.256
37,12,2048,0.133
37,13,4096,0.075
37,14,8192,0.054
37,15,16384,0.033
37,16,32768,0.024
37,17,65536,0.021
37,18,131072,0.019
38,01,1,240.407
38,02,2,120.232
38,03,4,60.444
38,04,8,30.096
38,05,16,15.097
38,06,32,7.621
38,07,64,3.819
38,08,128,1.905
38,09,256,0.952
38,10,512,0.486
38,11,1024,0.247
38,12,2048,0.131
38,13,4096,0.073
38,14,8192,0.044
38,15,16384,0.030
38,16,32768,0.023
38,17,65536,0.020
38,18,131072,0.023
39,01,1,242.143
39,02,2,120.722
39,03,4,61.070
39,04,8,30.624
39,05,16,15.075
39,06,32,7.621
39,07,64,3.867
39,08,128,1.921
39,09,256,0.980
39,10,512,0.502
39,11,1024,0.252
39,12,2048,0.135
39,13,4096,0.073
39,14,8192,0.060
39,15,16384,0.031
39,16,32768,0.023
39,17,65536,0.021
39,18,131072,0.019
40,01,1,241.649
40,02,2,120.860
40,03,4,60.332
40,04,8,30.496
40,05,16,15.014
40,06,32,7.593
40,07,64,3.814
40,08,128,1.973
40,09,256,0.972
40,10,512,0.496
40,11,1024,0.258
40,12,2048,0.137
40,13,4096,0.080
40,14,8192,0.052
40,15,16384,0.039
40,16,32768,0.029
40,17,65536,0.030
40,18,131072,0.028
41,01,1,244.081
41,02,2,120.820
41,03,4,60.386
41,04,8,29.876
41,05,16,14.982
41,06,32,7.503
41,07,64,3.795
41,08,128,2.243
41,09,256,0.967
41,10,512,0.489
41,11,1024,0.260
41,12,2048,0.134
41,13,4096,0.075
41,14,8192,0.046
41,15,16384,0.037
41,16,32768,0.033
41,17,65536,0.022
41,18,131072,0.024
42,01,1,240.240
42,02,2,121.882
42,03,4,60.606
42,04,8,29.897
42,05,16,15.211
42,06,32,7.516
42,07,64,3.759
42,08,128,1.868
42,09,256,0.962
42,10,512,0.486
42,11,1024,0.247
42,12,2048,0.133
42,13,4096,0.076
42,14,8192,0.046
42,15,16384,0.032
42,16,32768,0.026
42,17,65536,0.028
42,18,131072,0.027
43,01,1,240.527
43,02,2,123.537
43,03,4,60.556
43,04,8,30.334
43,05,16,14.881
43,06,32,7.555
43,07,64,3.773
43,08,128,1.882
43,09,256,0.958
43,10,512,0.485
43,11,1024,0.247
43,12,2048,0.132
43,13,4096,0.072
43,14,8192,0.045
43,15,16384,0.032
43,16,32768,0.023
43,17,65536,0.020
43,18,131072,0.020
44,01,1,240.412
44,02,2,120.390
44,03,4,62.404
44,04,8,42.929
44,05,16,21.146
44,06,32,10.847
44,07,64,5.510
44,08,128,2.854
44,09,256,1.521
44,10,512,0.813
44,11,1024,0.481
44,12,2048,0.299
44,13,4096,0.192
44,14,8192,0.145
44,15,16384,0.132
44,16,32768,0.118
44,17,65536,0.111
44,18,131072,0.123
45,01,1,265.497
45,02,2,132.547
45,03,4,67.372
45,04,8,33.243
45,05,16,16.258
45,06,32,8.247
45,07,64,4.149
45,08,128,2.063
45,09,256,1.058
45,10,512,1.135
45,11,1024,0.387
45,12,2048,0.160
45,13,4096,0.097
45,14,8192,0.064
45,15,16384,0.046
45,16,32768,0.037
45,17,65536,0.032
45,18,131072,0.030
46,01,1,241.117
46,02,2,120.269
46,03,4,60.224
46,04,8,30.448
46,05,16,15.246
46,06,32,7.458
46,07,64,3.762
46,08,128,1.854
46,09,256,0.970
46,10,512,0.489
46,11,1024,0.257
46,12,2048,0.139
46,13,4096,0.079
46,14,8192,0.052
46,15,16384,0.038
46,16,32768,0.029
46,17,65536,0.030
46,18,131072,0.025
47,01,1,248.683
47,02,2,122.520
47,03,4,60.132
47,04,8,30.473
47,05,16,14.885
47,06,32,7.380
47,07,64,3.727
47,08,128,1.841
47,09,256,0.948
47,10,512,0.487
47,11,1024,0.243
47,12,2048,0.130
47,13,4096,0.075
47,14,8192,0.047
47,15,16384,0.032
47,16,32768,0.023
47,17,65536,0.021
47,18,131072,0.020
48,01,1,244.622
48,02,2,119.812
48,03,4,60.376
48,04,8,30.198
48,05,16,14.862
48,06,32,7.385
48,07,64,3.737
48,08,128,1.850
48,09,256,0.936
48,10,512,0.469
48,11,1024,0.243
48,12,2048,0.130
48,13,4096,0.073
48,14,8192,0.055
48,15,16384,0.031
48,16,32768,0.022
48,17,65536,0.022
48,18,131072,0.020
49,01,1,243.184
49,02,2,119.958
49,03,4,60.095
49,04,8,30.395
49,05,16,15.225
49,06,32,8.304
49,07,64,4.349
49,08,128,2.004
49,09,256,1.030
49,10,512,0.540
49,11,1024,0.281
49,12,2048,0.152
49,13,4096,0.081
49,14,8192,0.046
49,15,16384,0.039
49,16,32768,0.041
49,17,65536,0.023
49,18,131072,0.021
50,01,1,242.149
50,02,2,119.350
50,03,4,60.423
50,04,8,30.115
50,05,16,15.299
50,06,32,7.440
50,07,64,3.735
50,08,128,1.875
50,09,256,0.962
50,10,512,0.484
50,11,1024,0.271
50,12,2048,0.142
50,13,4096,0.085
50,14,8192,0.051
50,15,16384,0.041
50,16,32768,0.035
50,17,65536,0.030
50,18,131072,0.027
51,01,1,242.806
51,02,2,119.181
51,03,4,59.848
51,04,8,30.225
51,05,16,14.776
51,06,32,7.284
51,07,64,3.776
51,08,128,1.880
51,09,256,0.982
51,10,512,0.493
51,11,1024,0.257
51,12,2048,0.143
51,13,4096,0.081
51,14,8192,0.056
51,15,16384,0.055
51,16,32768,0.033
51,17,65536,0.031
51,18,131072,0.027
52,01,1,242.350
52,02,2,119.442
52,03,4,60.111
52,04,8,30.089
52,05,16,14.864
52,06,32,7.410
52,07,64,3.669
52,08,128,1.862
52,09,256,0.969
52,10,512,0.489
52,11,1024,0.251
52,12,2048,0.138
52,13,4096,0.079
52,14,8192,0.055
52,15,16384,0.043
52,16,32768,0.033
52,17,65536,0.028
52,18,131072,0.046
53,01,1,242.925
53,02,2,120.007
53,03,4,60.946
53,04,8,30.276
53,05,16,14.789
53,06,32,7.416
53,07,64,3.728
53,08,128,1.869
53,09,256,0.958
53,10,512,0.480
53,11,1024,0.247
53,12,2048,0.137
53,13,4096,0.075
53,14,8192,0.053
53,15,16384,0.034
53,16,32768,0.027
53,17,65536,0.022
53,18,131072,0.020
54,01,1,241.720
54,02,2,119.340
54,03,4,59.968
54,04,8,30.106
54,05,16,15.069
54,06,32,7.417
54,07,64,3.742
54,08,128,1.840
54,09,256,0.957
54,10,512,0.491
54,11,1024,0.247
54,12,2048,0.130
54,13,4096,0.073
54,14,8192,0.045
54,15,16384,0.034
54,16,32768,0.033
54,17,65536,0.022
54,18,131072,0.019
55,01,1,241.481
55,02,2,125.139
55,03,4,60.347
55,04,8,30.564
55,05,16,14.905
55,06,32,7.406
55,07,64,3.713
55,08,128,1.850
55,09,256,0.962
55,10,512,0.476
55,11,1024,0.256
55,12,2048,0.136
55,13,4096,0.091
55,14,8192,0.045
55,15,16384,0.032
55,16,32768,0.023
55,17,65536,0.021
55,18,131072,0.019
56,01,1,241.484
56,02,2,120.097
56,03,4,60.589
56,04,8,30.290
56,05,16,14.968
56,06,32,7.421
56,07,64,3.734
56,08,128,1.884
56,09,256,0.921
56,10,512,0.479
56,11,1024,0.243
56,12,2048,0.156
56,13,4096,0.080
56,14,8192,0.048
56,15,16384,0.044
56,16,32768,0.032
56,17,65536,0.028
56,18,131072,0.035
57,01,1,243.585
57,02,2,120.088
57,03,4,60.967
57,04,8,30.491
57,05,16,14.954
57,06,32,7.461
57,07,64,3.770
57,08,128,1.888
57,09,256,0.990
57,10,512,0.496
57,11,1024,0.262
57,12,2048,0.148
57,13,4096,0.083
57,14,8192,0.049
57,15,16384,0.036
57,16,32768,0.030
57,17,65536,0.026
57,18,131072,0.023
58,01,1,242.767
58,02,2,119.580
58,03,4,60.199
58,04,8,30.230
58,05,16,15.000
58,06,32,7.455
58,07,64,3.742
58,08,128,1.809
58,09,256,0.977
58,10,512,0.496
58,11,1024,0.258
58,12,2048,0.137
58,13,4096,0.080
58,14,8192,0.049
58,15,16384,0.040
58,16,32768,0.042
58,17,65536,0.028
58,18,131072,0.023
59,01,1,242.261
59,02,2,120.480
59,03,4,59.901
59,04,8,30.720
59,05,16,14.761
59,06,32,7.366
59,07,64,3.832
59,08,128,1.917
59,09,256,0.991
59,10,512,0.535
59,11,1024,0.278
59,12,2048,0.162
59,13,4096,0.074
59,14,8192,0.043
59,15,16384,0.032
59,16,32768,0.024
59,17,65536,0.022
59,18,131072,0.020
60,01,1,244.237
60,02,2,120.274
60,03,4,60.398
60,04,8,30.453
60,05,16,14.829
60,06,32,7.418
60,07,64,3.796
60,08,128,1.904
60,09,256,0.991
60,10,512,0.496
60,11,1024,0.256
60,12,2048,0.152
60,13,4096,0.087
60,14,8192,0.050
60,15,16384,0.037
60,16,32768,0.030
60,17,65536,0.028
60,18,131072,0.029
61,01,1,244.455
61,02,2,121.347
61,03,4,60.435
61,04,8,30.065
61,05,16,14.874
61,06,32,7.352
61,07,64,3.734
61,08,128,1.868
61,09,256,0.985
61,10,512,0.468
61,11,1024,0.235
61,12,2048,0.131
61,13,4096,0.078
61,14,8192,0.048
61,15,16384,0.035
61,16,32768,0.029
61,17,65536,0.025
61,18,131072,0.023
62,01,1,242.307
62,02,2,121.671
62,03,4,61.407
62,04,8,30.765
62,05,16,15.023
62,06,32,7.734
62,07,64,3.765
62,08,128,1.879
62,09,256,0.998
62,10,512,0.486
62,11,1024,0.258
62,12,2048,0.137
62,13,4096,0.074
62,14,8192,0.048
62,15,16384,0.031
62,16,32768,0.024
62,17,65536,0.022
62,18,131072,0.019
63,01,1,243.608
63,02,2,120.516
63,03,4,60.375
63,04,8,30.443
63,05,16,14.823
63,06,32,7.421
63,07,64,3.744
63,08,128,1.856
63,09,256,0.969
63,10,512,0.481
63,11,1024,0.249
63,12,2048,0.131
63,13,4096,0.074
63,14,8192,0.045
63,15,16384,0.036
63,16,32768,0.024
63,17,65536,0.022
63,18,131072,0.027
64,01,1,243.151
64,02,2,121.223
64,03,4,60.464
64,04,8,30.533
64,05,16,14.952
64,06,32,7.450
64,07,64,3.801
64,08,128,1.850
64,09,256,0.961
64,10,512,0.478
64,11,1024,0.245
64,12,2048,0.128
64,13,4096,0.073
64,14,8192,0.043
64,15,16384,0.030
64,16,32768,0.022
64,17,65536,0.027
64,18,131072,0.017
65,01,1,242.497
65,02,2,123.008
65,03,4,60.648
65,04,8,30.507
65,05,16,14.969
65,06,32,7.459
65,07,64,3.724
65,08,128,1.886
65,09,256,0.981
65,10,512,0.508
65,11,1024,0.266
65,12,2048,0.140
65,13,4096,0.084
65,14,8192,0.055
65,15,16384,0.044
65,16,32768,0.031
65,17,65536,0.027
65,18,131072,0.030
66,01,1,291.823
66,02,2,175.086
66,03,4,87.938
66,04,8,44.382
66,05,16,22.138
66,06,32,11.223
66,07,64,5.456
66,08,128,2.794
66,09,256,1.389
66,10,512,0.711
66,11,1024,0.357
66,12,2048,0.185
66,13,4096,0.076
66,14,8192,0.059
66,15,16384,0.032
66,16,32768,0.024
66,17,65536,0.024
66,18,131072,0.020
67,01,1,351.150
67,02,2,173.433
67,03,4,86.356
67,04,8,43.358
67,05,16,21.415
67,06,32,10.685
67,07,64,5.478
67,08,128,2.793
67,09,256,1.430
67,10,512,0.705
67,11,1024,0.369
67,12,2048,0.192
67,13,4096,0.104
67,14,8192,0.060
67,15,16384,0.043
67,16,32768,0.039
67,17,65536,0.023
67,18,131072,0.019
68,01,1,354.193
68,02,2,179.895
68,03,4,86.377
68,04,8,44.600
68,05,16,22.139
68,06,32,11.318
68,07,64,5.569
68,08,128,2.718
68,09,256,1.427
68,10,512,0.715
68,11,1024,0.360
68,12,2048,0.185
68,13,4096,0.101
68,14,8192,0.058
68,15,16384,0.040
68,16,32768,0.030
68,17,65536,0.024
68,18,131072,0.021
69,01,1,272.256
69,02,2,133.788
69,03,4,67.582
69,04,8,33.186
69,05,16,16.329
69,06,32,8.378
69,07,64,4.177
69,08,128,2.098
69,09,256,1.091
69,10,512,0.570
69,11,1024,0.298
69,12,2048,0.156
69,13,4096,0.087
69,14,8192,0.056
69,15,16384,0.053
69,16,32768,0.035
69,17,65536,0.026
69,18,131072,0.031
70,01,1,244.031
70,02,2,120.526
70,03,4,60.721
70,04,8,29.778
70,05,16,15.119
70,06,32,7.513
70,07,64,3.797
70,08,128,1.874
70,09,256,0.975
70,10,512,0.490
70,11,1024,0.251
70,12,2048,0.133
70,13,4096,0.079
70,14,8192,0.047
70,15,16384,0.033
70,16,32768,0.027
70,17,65536,0.022
70,18,131072,0.020
71,01,1,242.247
71,02,2,121.493
71,03,4,60.916
71,04,8,54.887
71,05,16,34.754
71,06,32,17.092
71,07,64,8.404
71,08,128,4.275
71,09,256,2.196
71,10,512,1.077
71,11,1024,0.551
71,12,2048,0.301
71,13,4096,0.163
71,14,8192,0.088
71,15,16384,0.062
71,16,32768,0.048
71,17,65536,0.033
71,18,131072,0.033
72,01,1,373.351
72,02,2,172.622
72,03,4,87.759
72,04,8,42.427
72,05,16,21.954
72,06,32,10.703
72,07,64,5.395
72,08,128,2.775
72,09,256,1.364
72,10,512,0.682
72,11,1024,0.350
72,12,2048,0.185
72,13,4096,0.107
72,14,8192,0.059
72,15,16384,0.040
72,16,32768,0.026
72,17,65536,0.024
72,18,131072,0.021
73,01,1,274.245
73,02,2,138.051
73,03,4,68.216
73,04,8,33.831
73,05,16,16.740
73,06,32,8.555
73,07,64,4.171
73,08,128,2.111
73,09,256,1.082
73,10,512,0.553
73,11,1024,0.295
73,12,2048,0.165
73,13,4096,0.091
73,14,8192,0.053
73,15,16384,0.035
73,16,32768,0.031
73,17,65536,0.029
73,18,131072,0.024
74,01,1,247.520
74,02,2,122.253
74,03,4,60.557
74,04,8,30.589
74,05,16,15.117
74,06,32,7.527
74,07,64,3.739
74,08,128,1.888
74,09,256,0.985
74,10,512,0.497
74,11,1024,0.260
74,12,2048,0.133
74,13,4096,0.076
74,14,8192,0.052
74,15,16384,0.033
74,16,32768,0.036
74,17,65536,0.020
74,18,131072,0.017
75,01,1,243.916
75,02,2,122.843
75,03,4,59.956
75,04,8,31.398
75,05,16,15.394
75,06,32,7.708
75,07,64,3.811
75,08,128,1.928
75,09,256,0.970
75,10,512,0.495
75,11,1024,0.275
75,12,2048,0.133
75,13,4096,0.075
75,14,8192,0.046
75,15,16384,0.033
75,16,32768,0.024
75,17,65536,0.020
75,18,131072,0.018
76,01,1,246.216
76,02,2,120.517
76,03,4,60.930
76,04,8,30.857
76,05,16,15.290
76,06,32,7.632
76,07,64,3.754
76,08,128,1.904
76,09,256,0.963
76,10,512,0.508
76,11,1024,0.261
76,12,2048,0.137
76,13,4096,0.075
76,14,8192,0.047
76,15,16384,0.037
76,16,32768,0.023
76,17,65536,0.021
76,18,131072,0.021
77,01,1,243.806
77,02,2,121.769
77,03,4,61.130
77,04,8,30.584
77,05,16,15.406
77,06,32,7.983
77,07,64,3.776
77,08,128,1.940
77,09,256,1.021
77,10,512,0.500
77,11,1024,0.271
77,12,2048,0.138
77,13,4096,0.077
77,14,8192,0.049
77,15,16384,0.040
77,16,32768,0.029
77,17,65536,0.030
77,18,131072,0.026
78,01,1,244.988
78,02,2,122.220
78,03,4,60.094
78,04,8,30.464
78,05,16,15.069
78,06,32,7.526
78,07,64,3.746
78,08,128,1.867
78,09,256,0.958
78,10,512,0.489
78,11,1024,0.251
78,12,2048,0.135
78,13,4096,0.073
78,14,8192,0.058
78,15,16384,0.034
78,16,32768,0.023
78,17,65536,0.023
78,18,131072,0.019
79,01,1,241.435
79,02,2,120.987
79,03,4,60.690
79,04,8,30.750
79,05,16,15.308
79,06,32,7.698
79,07,64,3.748
79,08,128,1.894
79,09,256,0.976
79,10,512,0.575
79,11,1024,0.255
79,12,2048,0.137
79,13,4096,0.076
79,14,8192,0.045
79,15,16384,0.033
79,16,32768,0.028
79,17,65536,0.021
79,18,131072,0.024
80,01,1,244.711
80,02,2,122.194
80,03,4,61.466
80,04,8,30.541
80,05,16,15.207
80,06,32,7.604
80,07,64,3.745
80,08,128,1.886
80,09,256,0.959
80,10,512,0.506
80,11,1024,0.269
80,12,2048,0.138
80,13,4096,0.085
80,14,8192,0.052
80,15,16384,0.049
80,16,32768,0.026
80,17,65536,0.024
80,18,131072,0.019
81,01,1,245.420
81,02,2,121.798
81,03,4,60.768
81,04,8,30.561
81,05,16,15.149
81,06,32,7.910
81,07,64,3.793
81,08,128,1.972
81,09,256,0.998
81,10,512,0.506
81,11,1024,0.297
81,12,2048,0.147
81,13,4096,0.082
81,14,8192,0.053
81,15,16384,0.042
81,16,32768,0.033
81,17,65536,0.035
81,18,131072,0.020
82,01,1,246.728
82,02,2,122.215
82,03,4,60.537
82,04,8,30.814
82,05,16,15.200
82,06,32,7.597
82,07,64,3.767
82,08,128,1.908
82,09,256,0.987
82,10,512,0.497
82,11,1024,0.259
82,12,2048,0.141
82,13,4096,0.094
82,14,8192,0.053
82,15,16384,0.038
82,16,32768,0.030
82,17,65536,0.027
82,18,131072,0.025
83,01,1,243.549
83,02,2,121.131
83,03,4,60.987
83,04,8,31.007
83,05,16,15.279
83,06,32,7.667
83,07,64,3.800
83,08,128,1.927
83,09,256,0.986
83,10,512,0.519
83,11,1024,0.273
83,12,2048,0.150
83,13,4096,0.119
83,14,8192,0.069
83,15,16384,0.059
83,16,32768,0.051
83,17,65536,0.048
83,18,131072,0.044
84,01,1,247.046
84,02,2,122.751
84,03,4,60.841
84,04,8,30.372
84,05,16,15.150
84,06,32,7.586
84,07,64,3.747
84,08,128,1.887
84,09,256,0.955
84,10,512,0.494
84,11,1024,0.259
84,12,2048,0.136
84,13,4096,0.081
84,14,8192,0.045
84,15,16384,0.040
84,16,32768,0.024
84,17,65536,0.020
84,18,131072,0.019
85,01,1,244.347
85,02,2,122.359
85,03,4,60.814
85,04,8,30.461
85,05,16,15.139
85,06,32,7.767
85,07,64,3.774
85,08,128,1.897
85,09,256,0.965
85,10,512,0.489
85,11,1024,0.254
85,12,2048,0.156
85,13,4096,0.082
85,14,8192,0.048
85,15,16384,0.037
85,16,32768,0.025
85,17,65536,0.023
85,18,131072,0.021
86,01,1,241.893
86,02,2,120.429
86,03,4,60.430
86,04,8,30.262
86,05,16,15.250
86,06,32,7.647
86,07,64,3.733
86,08,128,1.879
86,09,256,0.950
86,10,512,0.495
86,11,1024,0.252
86,12,2048,0.147
86,13,4096,0.089
86,14,8192,0.065
86,15,16384,0.041
86,16,32768,0.039
86,17,65536,0.040
86,18,131072,0.038
87,01,1,246.458
87,02,2,120.941
87,03,4,60.624
87,04,8,31.049
87,05,16,15.467
87,06,32,7.691
87,07,64,3.789
87,08,128,1.971
87,09,256,0.973
87,10,512,0.498
87,11,1024,0.265
87,12,2048,0.135
87,13,4096,0.075
87,14,8192,0.047
87,15,16384,0.032
87,16,32768,0.025
87,17,65536,0.021
87,18,131072,0.023
88,01,1,245.088
88,02,2,122.122
88,03,4,61.578
88,04,8,30.838
88,05,16,15.328
88,06,32,7.563
88,07,64,3.714
88,08,128,1.886
88,09,256,0.952
88,10,512,0.484
88,11,1024,0.252
88,12,2048,0.149
88,13,4096,0.073
88,14,8192,0.042
88,15,16384,0.034
88,16,32768,0.023
88,17,65536,0.024
88,18,131072,0.020
89,01,1,244.459
89,02,2,122.494
89,03,4,62.657
89,04,8,34.002
89,05,16,16.443
89,06,32,8.453
89,07,64,4.139
89,08,128,1.913
89,09,256,1.063
89,10,512,0.546
89,11,1024,0.258
89,12,2048,0.140
89,13,4096,0.088
89,14,8192,0.058
89,15,16384,0.037
89,16,32768,0.028
89,17,65536,0.033
89,18,131072,0.021
90,01,1,341.958
90,02,2,172.127
90,03,4,62.171
90,04,8,30.866
90,05,16,15.496
90,06,32,7.585
90,07,64,3.805
90,08,128,1.892
90,09,256,0.958
90,10,512,0.489
90,11,1024,0.257
90,12,2048,0.135
90,13,4096,0.082
90,14,8192,0.048
90,15,16384,0.044
90,16,32768,0.025
90,17,65536,0.021
90,18,131072,0.019
91,01,1,344.203
91,02,2,176.912
91,03,4,85.491
91,04,8,30.725
91,05,16,15.219
91,06,32,7.490
91,07,64,5.223
91,08,128,2.678
91,09,256,0.952
91,10,512,0.483
91,11,1024,0.353
91,12,2048,0.191
91,13,4096,0.075
91,14,8192,0.044
91,15,16384,0.033
91,16,32768,0.029
91,17,65536,0.024
91,18,131072,0.019
92,01,1,346.567
92,02,2,170.544
92,03,4,85.971
92,04,8,30.293
92,05,16,15.182
92,06,32,7.456
92,07,64,5.231
92,08,128,2.717
92,09,256,0.973
92,10,512,0.503
92,11,1024,0.362
92,12,2048,0.194
92,13,4096,0.173
92,14,8192,0.067
92,15,16384,0.059
92,16,32768,0.056
92,17,65536,0.049
92,18,131072,0.067
93,01,1,271.087
93,02,2,137.720
93,03,4,70.228
93,04,8,31.530
93,05,16,15.499
93,06,32,7.675
93,07,64,4.226
93,08,128,2.776
93,09,256,1.094
93,10,512,0.497
93,11,1024,0.299
93,12,2048,0.170
93,13,4096,0.079
93,14,8192,0.051
93,15,16384,0.039
93,16,32768,0.035
93,17,65536,0.029
93,18,131072,0.030
94,01,1,240.171
94,02,2,119.179
94,03,4,60.795
94,04,8,30.270
94,05,16,15.227
94,06,32,7.612
94,07,64,3.798
94,08,128,1.909
94,09,256,0.973
94,10,512,0.509
94,11,1024,0.261
94,12,2048,0.150
94,13,4096,0.092
94,14,8192,0.072
94,15,16384,0.056
94,16,32768,0.059
94,17,65536,0.071
94,18,131072,0.050
95,01,1,246.147
95,02,2,123.243
95,03,4,60.146
95,04,8,30.517
95,05,16,14.677
95,06,32,7.512
95,07,64,3.708
95,08,128,1.864
95,09,256,0.967
95,10,512,0.490
95,11,1024,0.254
95,12,2048,0.139
95,13,4096,0.078
95,14,8192,0.048
95,15,16384,0.038
95,16,32768,0.031
95,17,65536,0.028
95,18,131072,0.026
96,01,1,248.700
96,02,2,119.808
96,03,4,60.941
96,04,8,30.694
96,05,16,14.802
96,06,32,7.540
96,07,64,3.760
96,08,128,1.890
96,09,256,0.964
96,10,512,0.488
96,11,1024,0.250
96,12,2048,0.131
96,13,4096,0.073
96,14,8192,0.045
96,15,16384,0.030
96,16,32768,0.024
96,17,65536,0.032
96,18,131072,0.019
97,01,1,250.848
97,02,2,125.033
97,03,4,64.132
97,04,8,31.550
97,05,16,15.300
97,06,32,7.978
97,07,64,3.921
97,08,128,1.984
97,09,256,1.016
97,10,512,1.232
97,11,1024,0.351
97,12,2048,0.153
97,13,4096,0.098
97,14,8192,0.071
97,15,16384,0.046
97,16,32768,0.097
97,17,65536,0.024
97,18,131072,0.020
98,01,1,256.966
98,02,2,120.495
98,03,4,61.150
98,04,8,30.530
98,05,16,15.335
98,06,32,7.629
98,07,64,3.711
98,08,128,1.938
98,09,256,1.046
98,10,512,0.494
98,11,1024,0.246
98,12,2048,0.138
98,13,4096,0.074
98,14,8192,0.046
98,15,16384,0.032
98,16,32768,0.024
98,17,65536,0.021
98,18,131072,0.019
99,01,1,244.415
99,02,2,121.248
99,03,4,60.908
99,04,8,30.806
99,05,16,15.166
99,06,32,7.623
99,07,64,3.779
99,08,128,1.898
99,09,256,0.970
99,10,512,0.509
99,11,1024,0.270
99,12,2048,0.141
99,13,4096,0.074
99,14,8192,0.044
99,15,16384,0.031
99,16,32768,0.023
99,17,65536,0.021
99,18,131072,0.021
100,01,1,243.902
100,02,2,118.734
100,03,4,60.991
100,04,8,30.747
100,05,16,14.922
100,06,32,7.676
100,07,64,3.781
100,08,128,1.878
100,09,256,1.006
100,10,512,0.499
100,11,1024,0.259
100,12,2048,0.135
100,13,4096,0.077
100,14,8192,0.044
100,15,16384,0.039
100,16,32768,0.024
100,17,65536,0.020
100,18,131072,0.018
101,01,1,247.461
101,02,2,122.681
101,03,4,61.601
101,04,8,30.927
101,05,16,15.252
101,06,32,7.806
101,07,64,3.819
101,08,128,1.902
101,09,256,0.992
101,10,512,0.498
101,11,1024,0.256
101,12,2048,0.147
101,13,4096,0.077
101,14,8192,0.048
101,15,16384,0.035
101,16,32768,0.024
101,17,65536,0.022
101,18,131072,0.020
102,01,1,245.386
102,02,2,119.983
102,03,4,61.534
102,04,8,30.746
102,05,16,15.326
102,06,32,7.666
102,07,64,3.799
102,08,128,1.921
102,09,256,0.980
102,10,512,0.503
102,11,1024,0.261
102,12,2048,0.142
102,13,4096,0.095
102,14,8192,0.054
102,15,16384,0.041
102,16,32768,0.035
102,17,65536,0.030
102,18,131072,0.028
103,01,1,247.013
103,02,2,120.136
103,03,4,60.810
103,04,8,40.077
103,05,16,21.757
103,06,32,11.242
103,07,64,5.564
103,08,128,2.827
103,09,256,1.527
103,10,512,0.850
103,11,1024,0.490
103,12,2048,0.349
103,13,4096,0.218
103,14,8192,1.008
103,15,16384,0.126
103,16,32768,0.126
103,17,65536,0.120
103,18,131072,0.128
104,01,1,353.731
104,02,2,172.567
104,03,4,87.055
104,04,8,44.616
104,05,16,21.601
104,06,32,10.903
104,07,64,5.417
104,08,128,2.748
104,09,256,1.395
104,10,512,0.707
104,11,1024,0.353
104,12,2048,0.190
104,13,4096,0.102
104,14,8192,0.071
104,15,16384,0.041
104,16,32768,0.034
104,17,65536,0.024
104,18,131072,0.019
105,01,1,273.462
105,02,2,134.640
105,03,4,67.251
105,04,8,33.971
105,05,16,17.228
105,06,32,8.951
105,07,64,4.592
105,08,128,2.225
105,09,256,1.110
105,10,512,0.565
105,11,1024,0.329
105,12,2048,0.166
105,13,4096,0.090
105,14,8192,0.052
105,15,16384,0.043
105,16,32768,0.032
105,17,65536,0.028
105,18,131072,0.027
106,01,1,245.534
106,02,2,122.336
106,03,4,60.319
106,04,8,29.956
106,05,16,15.295
106,06,32,7.619
106,07,64,3.755
106,08,128,1.892
106,09,256,0.949
106,10,512,0.497
106,11,1024,0.265
106,12,2048,0.132
106,13,4096,0.074
106,14,8192,0.047
106,15,16384,0.044
106,16,32768,0.023
106,17,65536,0.021
106,18,131072,0.019
107,01,1,241.120
107,02,2,130.817
107,03,4,60.648
107,04,8,30.414
107,05,16,15.050
107,06,32,7.653
107,07,64,3.727
107,08,128,1.884
107,09,256,0.961
107,10,512,0.536
107,11,1024,0.261
107,12,2048,0.140
107,13,4096,0.075
107,14,8192,0.047
107,15,16384,0.042
107,16,32768,0.027
107,17,65536,0.024
107,18,131072,0.024
108,01,1,244.382
108,02,2,123.204
108,03,4,61.102
108,04,8,30.130
108,05,16,15.102
108,06,32,7.936
108,07,64,3.723
108,08,128,1.952
108,09,256,0.990
108,10,512,0.537
108,11,1024,0.256
108,12,2048,0.133
108,13,4096,0.074
108,14,8192,0.052
108,15,16384,0.031
108,16,32768,0.023
108,17,65536,0.021
108,18,131072,0.019
109,01,1,245.229
109,02,2,120.863
109,03,4,60.276
109,04,8,30.166
109,05,16,15.167
109,06,32,7.654
109,07,64,3.713
109,08,128,1.902
109,09,256,0.967
109,10,512,0.511
109,11,1024,0.271
109,12,2048,0.142
109,13,4096,0.094
109,14,8192,0.049
109,15,16384,0.035
109,16,32768,0.025
109,17,65536,0.028
109,18,131072,0.024
110,01,1,242.897
110,02,2,122.332
110,03,4,61.817
110,04,8,30.174
110,05,16,15.290
110,06,32,7.613
110,07,64,3.743
110,08,128,1.919
110,09,256,0.954
110,10,512,0.493
110,11,1024,0.253
110,12,2048,0.144
110,13,4096,0.073
110,14,8192,0.048
110,15,16384,0.031
110,16,32768,0.024
110,17,65536,0.024
110,18,131072,0.017
111,01,1,243.874
111,02,2,122.577
111,03,4,60.071
111,04,8,30.286
111,05,16,14.990
111,06,32,7.627
111,07,64,3.698
111,08,128,1.900
111,09,256,0.960
111,10,512,0.504
111,11,1024,0.261
111,12,2048,0.140
111,13,4096,0.075
111,14,8192,0.058
111,15,16384,0.032
111,16,32768,0.024
111,17,65536,0.024
111,18,131072,0.019
112,01,1,243.791
112,02,2,121.181
112,03,4,60.733
112,04,8,29.869
112,05,16,14.886
112,06,32,7.544
112,07,64,3.692
112,08,128,1.873
112,09,256,0.951
112,10,512,0.494
112,11,1024,0.256
112,12,2048,0.137
112,13,4096,0.078
112,14,8192,0.046
112,15,16384,0.033
112,16,32768,0.030
112,17,65536,0.024
112,18,131072,0.022
113,01,1,240.792
113,02,2,120.366
113,03,4,60.090
113,04,8,29.927
113,05,16,14.990
113,06,32,7.601
113,07,64,3.681
113,08,128,1.905
113,09,256,0.986
113,10,512,0.498
113,11,1024,0.253
113,12,2048,0.137
113,13,4096,0.079
113,14,8192,0.049
113,15,16384,0.042
113,16,32768,0.025
113,17,65536,0.025
113,18,131072,0.031
114,01,1,241.337
114,02,2,121.221
114,03,4,60.400
114,04,8,30.219
114,05,16,14.954
114,06,32,7.853
114,07,64,3.690
114,08,128,1.879
114,09,256,0.945
114,10,512,0.483
114,11,1024,0.250
114,12,2048,0.132
114,13,4096,0.073
114,14,8192,0.045
114,15,16384,0.036
114,16,32768,0.025
114,17,65536,0.022
114,18,131072,0.018
115,01,1,241.952
115,02,2,121.223
115,03,4,59.667
115,04,8,30.190
115,05,16,14.989
115,06,32,7.556
115,07,64,3.724
115,08,128,1.905
115,09,256,0.968
115,10,512,0.512
115,11,1024,0.271
115,12,2048,0.153
115,13,4096,0.096
115,14,8192,0.068
115,15,16384,0.068
115,16,32768,0.051
115,17,65536,0.031
115,18,131072,0.029
116,01,1,240.716
116,02,2,119.960
116,03,4,59.713
116,04,8,32.366
116,05,16,15.339
116,06,32,7.628
116,07,64,3.733
116,08,128,1.878
116,09,256,0.944
116,10,512,0.495
116,11,1024,0.257
116,12,2048,0.133
116,13,4096,0.079
116,14,8192,0.047
116,15,16384,0.033
116,16,32768,0.035
116,17,65536,0.020
116,18,131072,0.018
117,01,1,243.529
117,02,2,123.507
117,03,4,61.263
117,04,8,30.915
117,05,16,15.882
117,06,32,7.646
117,07,64,3.728
117,08,128,1.939
117,09,256,0.977
117,10,512,0.496
117,11,1024,0.268
117,12,2048,0.161
117,13,4096,0.077
117,14,8192,0.053
117,15,16384,0.036
117,16,32768,0.026
117,17,65536,0.022
117,18,131072,0.020
118,01,1,241.994
118,02,2,121.189
118,03,4,60.272
118,04,8,30.055
118,05,16,14.929
118,06,32,7.774
118,07,64,3.676
118,08,128,1.885
118,09,256,0.963
118,10,512,0.488
118,11,1024,0.275
118,12,2048,0.139
118,13,4096,0.089
118,14,8192,0.053
118,15,16384,0.040
118,16,32768,0.034
118,17,65536,0.039
118,18,131072,0.024
119,01,1,241.291
119,02,2,121.291
119,03,4,59.470
119,04,8,30.095
119,05,16,14.784
119,06,32,7.499
119,07,64,3.609
119,08,128,1.889
119,09,256,0.954
119,10,512,0.490
119,11,1024,0.247
119,12,2048,0.143
119,13,4096,0.079
119,14,8192,0.046
119,15,16384,0.035
119,16,32768,0.029
119,17,65536,0.022
119,18,131072,0.021
120,01,1,259.092
120,02,2,124.034
120,03,4,60.712
120,04,8,30.925
120,05,16,15.496
120,06,32,8.833
120,07,64,6.626
120,08,128,2.681
120,09,256,1.338
120,10,512,0.710
120,11,1024,0.393
120,12,2048,0.153
120,13,4096,0.172
120,14,8192,0.160
120,15,16384,0.044
120,16,32768,0.037
120,17,65536,0.031
120,18,131072,0.031
121,01,1,270.839
121,02,2,136.435
121,03,4,68.295
121,04,8,34.266
121,05,16,16.730
121,06,32,8.494
121,07,64,4.249
121,08,128,2.138
121,09,256,1.086
121,10,512,0.564
121,11,1024,0.301
121,12,2048,0.144
121,13,4096,0.090
121,14,8192,0.054
121,15,16384,0.037
121,16,32768,0.035
121,17,65536,0.030
121,18,131072,0.025
122,01,1,246.361
122,02,2,123.379
122,03,4,61.893
122,04,8,30.952
122,05,16,17.221
122,06,32,8.165
122,07,64,3.978
122,08,128,2.045
122,09,256,0.983
122,10,512,0.517
122,11,1024,0.277
122,12,2048,0.144
122,13,4096,0.080
122,14,8192,0.059
122,15,16384,0.037
122,16,32768,0.025
122,17,65536,0.021
122,18,131072,0.019
123,01,1,243.711
123,02,2,120.290
123,03,4,60.546
123,04,8,30.437
123,05,16,16.107
123,06,32,8.279
123,07,64,3.916
123,08,128,1.962
123,09,256,1.044
123,10,512,0.651
123,11,1024,0.302
123,12,2048,0.144
123,13,4096,0.077
123,14,8192,0.046
123,15,16384,0.043
123,16,32768,0.026
123,17,65536,0.022
123,18,131072,0.019
124,01,1,244.478
124,02,2,121.754
124,03,4,60.769
124,04,8,30.728
124,05,16,15.295
124,06,32,7.601
124,07,64,3.733
124,08,128,1.923
124,09,256,0.962
124,10,512,0.510
124,11,1024,0.254
124,12,2048,0.137
124,13,4096,0.076
124,14,8192,0.055
124,15,16384,0.032
124,16,32768,0.025
124,17,65536,0.021
124,18,131072,0.018
125,01,1,243.060
125,02,2,124.662
125,03,4,72.425
125,04,8,31.474
125,05,16,15.396
125,06,32,7.671
125,07,64,3.789
125,08,128,1.914
125,09,256,0.977
125,10,512,0.509
125,11,1024,0.267
125,12,2048,0.141
125,13,4096,0.079
125,14,8192,0.045
125,15,16384,0.036
125,16,32768,0.028
125,17,65536,0.022
125,18,131072,0.021
126,01,1,245.640
126,02,2,124.077
126,03,4,61.741
126,04,8,30.776
126,05,16,15.272
126,06,32,7.620
126,07,64,3.749
126,08,128,1.907
126,09,256,0.970
126,10,512,0.511
126,11,1024,0.257
126,12,2048,0.134
126,13,4096,0.076
126,14,8192,0.046
126,15,16384,0.033
126,16,32768,0.024
126,17,65536,0.020
126,18,131072,0.019
127,01,1,243.515
127,02,2,120.617
127,03,4,60.824
127,04,8,30.492
127,05,16,15.190
127,06,32,8.107
127,07,64,3.725
127,08,128,1.915
127,09,256,0.957
127,10,512,0.503
127,11,1024,0.257
127,12,2048,0.141
127,13,4096,0.085
127,14,8192,0.060
127,15,16384,0.048
127,16,32768,0.038
127,17,65536,0.047
127,18,131072,0.031
128,01,1,245.426
128,02,2,122.495
128,03,4,60.174
128,04,8,32.615
128,05,16,15.474
128,06,32,7.574
128,07,64,3.693
128,08,128,1.888
128,09,256,0.951
128,10,512,0.501
128,11,1024,0.251
128,12,2048,0.137
128,13,4096,0.078
128,14,8192,0.057
128,15,16384,0.037
128,16,32768,0.028
128,17,65536,0.024
128,18,131072,0.021
129,01,1,249.129
129,02,2,122.599
129,03,4,60.576
129,04,8,30.976
129,05,16,15.572
129,06,32,7.731
129,07,64,3.773
129,08,128,1.918
129,09,256,0.973
129,10,512,0.497
129,11,1024,0.258
129,12,2048,0.168
129,13,4096,0.080
129,14,8192,0.051
129,15,16384,0.051
129,16,32768,0.034
129,17,65536,0.024
129,18,131072,0.029
130,01,1,245.203
130,02,2,205.370
130,03,4,107.501
130,04,8,42.932
130,05,16,22.118
130,06,32,10.804
130,07,64,5.622
130,08,128,2.742
130,09,256,1.409
130,10,512,0.698
130,11,1024,0.377
130,12,2048,0.200
130,13,4096,0.112
130,14,8192,0.065
130,15,16384,0.043
130,16,32768,0.043
130,17,65536,0.036
130,18,131072,0.031
131,01,1,359.862
131,02,2,183.196
131,03,4,87.547
131,04,8,45.166
131,05,16,23.992
131,06,32,11.725
131,07,64,5.910
131,08,128,2.967
131,09,256,1.488
131,10,512,0.751
131,11,1024,0.376
131,12,2048,0.203
131,13,4096,0.111
131,14,8192,0.059
131,15,16384,0.043
131,16,32768,0.029
131,17,65536,0.024
131,18,131072,0.022
132,01,1,352.102
132,02,2,171.289
132,03,4,88.385
132,04,8,43.896
132,05,16,22.418
132,06,32,10.866
132,07,64,5.323
132,08,128,2.761
132,09,256,1.412
132,10,512,0.721
132,11,1024,0.354
132,12,2048,0.190
132,13,4096,0.100
132,14,8192,0.057
132,15,16384,0.041
132,16,32768,0.030
132,17,65536,0.025
132,18,131072,0.022
133,01,1,270.871
133,02,2,133.759
133,03,4,72.777
133,04,8,34.405
133,05,16,16.447
133,06,32,8.522
133,07,64,4.308
133,08,128,2.165
133,09,256,1.106
133,10,512,0.558
133,11,1024,0.298
133,12,2048,0.155
133,13,4096,0.090
133,14,8192,0.050
133,15,16384,0.038
133,16,32768,0.039
133,17,65536,0.027
133,18,131072,0.023
134,01,1,249.825
134,02,2,124.928
134,03,4,60.850
134,04,8,30.217
134,05,16,14.903
134,06,32,7.708
134,07,64,4.004
134,08,128,1.989
134,09,256,0.968
134,10,512,0.497
134,11,1024,0.252
134,12,2048,0.135
134,13,4096,0.077
134,14,8192,0.048
134,15,16384,0.035
134,16,32768,0.027
134,17,65536,0.025
134,18,131072,0.024
135,01,1,241.738
135,02,2,120.104
135,03,4,60.446
135,04,8,30.687
135,05,16,16.744
135,06,32,7.584
135,07,64,3.796
135,08,128,1.909
135,09,256,0.984
135,10,512,0.491
135,11,1024,0.252
135,12,2048,0.134
135,13,4096,0.073
135,14,8192,0.045
135,15,16384,0.031
135,16,32768,0.023
135,17,65536,0.021
135,18,131072,0.017
136,01,1,245.198
136,02,2,131.373
136,03,4,64.572
136,04,8,32.704
136,05,16,16.389
136,06,32,8.092
136,07,64,4.072
136,08,128,2.048
136,09,256,1.012
136,10,512,0.521
136,11,1024,0.287
136,12,2048,0.146
136,13,4096,0.083
136,14,8192,0.053
136,15,16384,0.044
136,16,32768,0.032
136,17,65536,0.027
136,18,131072,0.026
137,01,1,249.189
137,02,2,123.498
137,03,4,61.519
137,04,8,30.373
137,05,16,15.404
137,06,32,7.608
137,07,64,3.856
137,08,128,1.934
137,09,256,0.999
137,10,512,0.522
137,11,1024,0.270
137,12,2048,0.155
137,13,4096,0.097
137,14,8192,0.052
137,15,16384,0.042
137,16,32768,0.031
137,17,65536,0.029
137,18,131072,0.028
138,01,1,248.207
138,02,2,123.622
138,03,4,61.171
138,04,8,30.121
138,05,16,14.884
138,06,32,7.562
138,07,64,3.775
138,08,128,1.888
138,09,256,0.968
138,10,512,0.490
138,11,1024,0.255
138,12,2048,0.137
138,13,4096,0.076
138,14,8192,0.047
138,15,16384,0.034
138,16,32768,0.025
138,17,65536,0.022
138,18,131072,0.021
139,01,1,243.783
139,02,2,120.214
139,03,4,60.389
139,04,8,29.899
139,05,16,14.886
139,06,32,7.466
139,07,64,3.805
139,08,128,1.901
139,09,256,0.954
139,10,512,0.506
139,11,1024,0.264
139,12,2048,0.147
139,13,4096,0.085
139,14,8192,0.063
139,15,16384,0.050
139,16,32768,0.049
139,17,65536,0.044
139,18,131072,0.040
140,01,1,245.651
140,02,2,120.179
140,03,4,59.781
140,04,8,29.982
140,05,16,14.691
140,06,32,7.409
140,07,64,3.767
140,08,128,1.859
140,09,256,0.939
140,10,512,0.488
140,11,1024,0.245
140,12,2048,0.132
140,13,4096,0.072
140,14,8192,0.045
140,15,16384,0.031
140,16,32768,0.025
140,17,65536,0.022
140,18,131072,0.027
141,01,1,244.637
141,02,2,122.240
141,03,4,62.962
141,04,8,32.372
141,05,16,15.582
141,06,32,7.831
141,07,64,3.876
141,08,128,1.949
141,09,256,1.004
141,10,512,0.607
141,11,1024,0.259
141,12,2048,0.151
141,13,4096,0.084
141,14,8192,0.066
141,15,16384,0.040
141,16,32768,0.031
141,17,65536,0.028
141,18,131072,0.026
142,01,1,262.154
142,02,2,121.729
142,03,4,60.529
142,04,8,32.089
142,05,16,15.106
142,06,32,7.575
142,07,64,3.821
142,08,128,1.935
142,09,256,0.976
142,10,512,0.487
142,11,1024,0.251
142,12,2048,0.135
142,13,4096,0.074
142,14,8192,0.046
142,15,16384,0.033
142,16,32768,0.027
142,17,65536,0.021
142,18,131072,0.020
143,01,1,245.969
143,02,2,119.866
143,03,4,60.925
143,04,8,30.146
143,05,16,14.766
143,06,32,7.480
143,07,64,3.743
143,08,128,1.899
143,09,256,0.985
143,10,512,0.534
143,11,1024,0.251
143,12,2048,0.137
143,13,4096,0.080
143,14,8192,0.060
143,15,16384,0.036
143,16,32768,0.031
143,17,65536,0.024
143,18,131072,0.022
144,01,1,244.940
144,02,2,122.731
144,03,4,60.963
144,04,8,30.127
144,05,16,14.951
144,06,32,7.590
144,07,64,4.298
144,08,128,2.015
144,09,256,0.954
144,10,512,0.493
144,11,1024,0.255
144,12,2048,0.151
144,13,4096,0.071
144,14,8192,0.046
144,15,16384,0.030
144,16,32768,0.024
144,17,65536,0.022
144,18,131072,0.018
145,01,1,245.692
145,02,2,120.912
145,03,4,61.175
145,04,8,30.371
145,05,16,15.070
145,06,32,7.800
145,07,64,3.821
145,08,128,1.939
145,09,256,0.970
145,10,512,0.531
145,11,1024,0.261
145,12,2048,0.144
145,13,4096,0.083
145,14,8192,0.056
145,15,16384,0.044
145,16,32768,0.034
145,17,65536,0.045
145,18,131072,0.028
146,01,1,336.246
146,02,2,173.632
146,03,4,85.668
146,04,8,30.540
146,05,16,14.939
146,06,32,7.560
146,07,64,3.851
146,08,128,1.916
146,09,256,0.974
146,10,512,0.496
146,11,1024,0.254
146,12,2048,0.137
146,13,4096,0.087
146,14,8192,0.050
146,15,16384,0.034
146,16,32768,0.027
146,17,65536,0.022
146,18,131072,0.023
147,01,1,349.631
147,02,2,173.440
147,03,4,85.448
147,04,8,44.239
147,05,16,21.176
147,06,32,10.513
147,07,64,5.401
147,08,128,2.699
147,09,256,1.346
147,10,512,0.690
147,11,1024,0.365
147,12,2048,0.194
147,13,4096,0.112
147,14,8192,0.049
147,15,16384,0.042
147,16,32768,0.031
147,17,65536,0.026
147,18,131072,0.023
148,01,1,345.280
148,02,2,172.839
148,03,4,87.458
148,04,8,43.852
148,05,16,22.175
148,06,32,10.811
148,07,64,5.537
148,08,128,2.771
148,09,256,1.401
148,10,512,0.722
148,11,1024,0.365
148,12,2048,0.193
148,13,4096,0.099
148,14,8192,0.056
148,15,16384,0.041
148,16,32768,0.028
148,17,65536,0.022
148,18,131072,0.019
149,01,1,272.185
149,02,2,133.938
149,03,4,68.410
149,04,8,33.862
149,05,16,16.305
149,06,32,8.873
149,07,64,4.228
149,08,128,2.144
149,09,256,1.095
149,10,512,0.557
149,11,1024,0.287
149,12,2048,0.162
149,13,4096,0.086
149,14,8192,0.057
149,15,16384,0.040
149,16,32768,0.043
149,17,65536,0.034
149,18,131072,0.030
150,01,1,245.897
150,02,2,122.929
150,03,4,59.671
150,04,8,30.668
150,05,16,14.982
150,06,32,7.602
150,07,64,3.747
150,08,128,1.910
150,09,256,0.958
150,10,512,0.491
150,11,1024,0.253
150,12,2048,0.137
150,13,4096,0.078
150,14,8192,0.049
150,15,16384,0.036
150,16,32768,0.038
150,17,65536,0.023
150,18,131072,0.020
151,01,1,244.788
151,02,2,122.740
151,03,4,59.162
151,04,8,30.871
151,05,16,14.999
151,06,32,7.526
151,07,64,3.745
151,08,128,1.896
151,09,256,0.945
151,10,512,0.503
151,11,1024,0.249
151,12,2048,0.132
151,13,4096,0.077
151,14,8192,0.044
151,15,16384,0.040
151,16,32768,0.026
151,17,65536,0.020
151,18,131072,0.017
152,01,1,244.184
152,02,2,121.811
152,03,4,59.467
152,04,8,30.510
152,05,16,15.076
152,06,32,7.639
152,07,64,3.803
152,08,128,2.161
152,09,256,0.983
152,10,512,0.511
152,11,1024,0.276
152,12,2048,0.155
152,13,4096,0.089
152,14,8192,0.061
152,15,16384,0.060
152,16,32768,0.048
152,17,65536,0.042
152,18,131072,0.044
153,01,1,245.747
153,02,2,121.462
153,03,4,62.546
153,04,8,31.388
153,05,16,15.069
153,06,32,8.336
153,07,64,3.745
153,08,128,1.909
153,09,256,0.964
153,10,512,0.493
153,11,1024,0.261
153,12,2048,0.144
153,13,4096,0.078
153,14,8192,0.051
153,15,16384,0.036
153,16,32768,0.028
153,17,65536,0.026
153,18,131072,0.023
154,01,1,250.894
154,02,2,123.780
154,03,4,59.588
154,04,8,30.993
154,05,16,15.300
154,06,32,8.252
154,07,64,3.786
154,08,128,1.925
154,09,256,0.971
154,10,512,0.511
154,11,1024,0.268
154,12,2048,0.134
154,13,4096,0.072
154,14,8192,0.048
154,15,16384,0.033
154,16,32768,0.026
154,17,65536,0.020
154,18,131072,0.019
155,01,1,244.755
155,02,2,122.522
155,03,4,59.273
155,04,8,31.403
155,05,16,15.231
155,06,32,7.558
155,07,64,3.765
155,08,128,1.896
155,09,256,0.959
155,10,512,0.496
155,11,1024,0.261
155,12,2048,0.135
155,13,4096,0.078
155,14,8192,0.048
155,15,16384,0.039
155,16,32768,0.025
155,17,65536,0.024
155,18,131072,0.029
156,01,1,243.966
156,02,2,122.690
156,03,4,59.677
156,04,8,30.808
156,05,16,15.174
156,06,32,7.797
156,07,64,3.816
156,08,128,1.934
156,09,256,0.974
156,10,512,0.502
156,11,1024,0.261
156,12,2048,0.141
156,13,4096,0.086
156,14,8192,0.056
156,15,16384,0.207
156,16,32768,0.101
156,17,65536,0.074
156,18,131072,0.057
157,01,1,246.671
157,02,2,122.147
157,03,4,60.332
157,04,8,30.895
157,05,16,15.156
157,06,32,8.221
157,07,64,3.793
157,08,128,1.917
157,09,256,0.955
157,10,512,0.501
157,11,1024,0.256
157,12,2048,0.150
157,13,4096,0.075
157,14,8192,0.047
157,15,16384,0.035
157,16,32768,0.024
157,17,65536,0.024
157,18,131072,0.019
158,01,1,246.729
158,02,2,122.807
158,03,4,59.021
158,04,8,30.741
158,05,16,15.114
158,06,32,7.731
158,07,64,3.745
158,08,128,1.909
158,09,256,0.963
158,10,512,0.513
158,11,1024,0.266
158,12,2048,0.168
158,13,4096,0.081
158,14,8192,0.053
158,15,16384,0.044
158,16,32768,0.031
158,17,65536,0.030
158,18,131072,0.027
159,01,1,245.204
159,02,2,123.712
159,03,4,59.001
159,04,8,31.538
159,05,16,15.033
159,06,32,8.014
159,07,64,3.773
159,08,128,1.958
159,09,256,0.962
159,10,512,0.503
159,11,1024,0.268
159,12,2048,0.156
159,13,4096,0.086
159,14,8192,0.070
159,15,16384,0.054
159,16,32768,0.050
159,17,65536,0.043
159,18,131072,0.043
160,01,1,245.049
160,02,2,123.495
160,03,4,59.464
160,04,8,31.045
160,05,16,20.836
160,06,32,11.050
160,07,64,5.493
160,08,128,2.731
160,09,256,1.378
160,10,512,0.708
160,11,1024,0.258
160,12,2048,0.137
160,13,4096,0.077
160,14,8192,0.062
160,15,16384,0.032
160,16,32768,0.033
160,17,65536,0.023
160,18,131072,0.021
161,01,1,272.370
161,02,2,135.594
161,03,4,67.621
161,04,8,33.708
161,05,16,16.174
161,06,32,8.622
161,07,64,4.674
161,08,128,2.179
161,09,256,1.132
161,10,512,0.567
161,11,1024,0.273
161,12,2048,0.152
161,13,4096,0.088
161,14,8192,0.069
161,15,16384,0.054
161,16,32768,0.043
161,17,65536,0.037
161,18,131072,0.034
162,01,1,247.463
162,02,2,152.827
162,03,4,86.446
162,04,8,44.997
162,05,16,24.544
162,06,32,12.346
162,07,64,5.692
162,08,128,3.088
162,09,256,1.512
162,10,512,1.000
162,11,1024,0.457
162,12,2048,0.268
162,13,4096,0.159
162,14,8192,0.130
162,15,16384,0.102
162,16,32768,0.084
162,17,65536,0.087
162,18,131072,0.078
163,01,1,350.086
163,02,2,170.971
163,03,4,85.155
163,04,8,44.954
163,05,16,21.486
163,06,32,10.777
163,07,64,5.443
163,08,128,2.716
163,09,256,1.401
163,10,512,0.719
163,11,1024,0.356
163,12,2048,0.189
163,13,4096,0.100
163,14,8192,0.064
163,15,16384,0.045
163,16,32768,0.033
163,17,65536,0.028
163,18,131072,0.024
164,01,1,343.910
164,02,2,172.642
164,03,4,84.587
164,04,8,44.156
164,05,16,22.105
164,06,32,12.189
164,07,64,5.571
164,08,128,2.926
164,09,256,1.468
164,10,512,0.735
164,11,1024,0.382
164,12,2048,0.198
164,13,4096,0.097
164,14,8192,0.070
164,15,16384,0.038
164,16,32768,0.027
164,17,65536,0.023
164,18,131072,0.019
165,01,1,268.462
165,02,2,132.943
165,03,4,67.035
165,04,8,33.643
165,05,16,16.176
165,06,32,8.387
165,07,64,4.173
165,08,128,2.614
165,09,256,1.096
165,10,512,0.540
165,11,1024,0.287
165,12,2048,0.161
165,13,4096,0.084
165,14,8192,0.061
165,15,16384,0.044
165,16,32768,0.037
165,17,65536,0.034
165,18,131072,0.033
166,01,1,247.231
166,02,2,122.569
166,03,4,61.631
166,04,8,30.507
166,05,16,15.587
166,06,32,7.567
166,07,64,3.747
166,08,128,1.910
166,09,256,0.983
166,10,512,0.486
166,11,1024,0.256
166,12,2048,0.141
166,13,4096,0.083
166,14,8192,0.055
166,15,16384,0.035
166,16,32768,0.035
166,17,65536,0.029
166,18,131072,0.026
167,01,1,270.245
167,02,2,123.233
167,03,4,65.835
167,04,8,32.002
167,05,16,15.145
167,06,32,7.640
167,07,64,3.748
167,08,128,1.887
167,09,256,0.956
167,10,512,0.512
167,11,1024,0.269
167,12,2048,0.138
167,13,4096,0.075
167,14,8192,0.048
167,15,16384,0.034
167,16,32768,0.025
167,17,65536,0.020
167,18,131072,0.018
168,01,1,243.893
168,02,2,119.983
168,03,4,60.156
168,04,8,30.306
168,05,16,15.011
168,06,32,7.608
168,07,64,3.757
168,08,128,1.898
168,09,256,0.956
168,10,512,0.480
168,11,1024,0.249
168,12,2048,0.136
168,13,4096,0.077
168,14,8192,0.048
168,15,16384,0.031
168,16,32768,0.025
168,17,65536,0.022
168,18,131072,0.019
169,01,1,243.272
169,02,2,120.697
169,03,4,60.249
169,04,8,30.303
169,05,16,14.974
169,06,32,7.578
169,07,64,3.772
169,08,128,1.927
169,09,256,0.974
169,10,512,0.935
169,11,1024,0.307
169,12,2048,0.219
169,13,4096,0.082
169,14,8192,0.060
169,15,16384,0.046
169,16,32768,0.032
169,17,65536,0.036
169,18,131072,0.036
170,01,1,242.375
170,02,2,120.062
170,03,4,60.578
170,04,8,40.672
170,05,16,19.662
170,06,32,7.607
170,07,64,3.760
170,08,128,1.911
170,09,256,0.959
170,10,512,0.489
170,11,1024,0.249
170,12,2048,0.138
170,13,4096,0.084
170,14,8192,0.049
170,15,16384,0.032
170,16,32768,0.023
170,17,65536,0.021
170,18,131072,0.019
171,01,1,243.541
171,02,2,120.640
171,03,4,60.009
171,04,8,30.743
171,05,16,15.161
171,06,32,7.743
171,07,64,3.782
171,08,128,1.907
171,09,256,0.960
171,10,512,0.491
171,11,1024,0.258
171,12,2048,0.146
171,13,4096,0.077
171,14,8192,0.052
171,15,16384,0.037
171,16,32768,0.031
171,17,65536,0.026
171,18,131072,0.023
172,01,1,242.749
172,02,2,120.717
172,03,4,60.364
172,04,8,30.134
172,05,16,14.942
172,06,32,7.583
172,07,64,3.752
172,08,128,1.889
172,09,256,0.969
172,10,512,0.489
172,11,1024,0.265
172,12,2048,0.140
172,13,4096,0.079
172,14,8192,0.053
172,15,16384,0.041
172,16,32768,0.033
172,17,65536,0.040
172,18,131072,0.024
173,01,1,248.139
173,02,2,122.445
173,03,4,60.554
173,04,8,30.301
173,05,16,15.145
173,06,32,7.674
173,07,64,4.023
173,08,128,1.894
173,09,256,0.966
173,10,512,0.503
173,11,1024,0.250
173,12,2048,0.137
173,13,4096,0.076
173,14,8192,0.051
173,15,16384,0.034
173,16,32768,0.025
173,17,65536,0.023
173,18,131072,0.021
174,01,1,246.125
174,02,2,122.080
174,03,4,61.587
174,04,8,30.964
174,05,16,15.592
174,06,32,7.719
174,07,64,3.816
174,08,128,1.931
174,09,256,0.972
174,10,512,0.495
174,11,1024,0.254
174,12,2048,0.146
174,13,4096,0.073
174,14,8192,0.048
174,15,16384,0.033
174,16,32768,0.028
174,17,65536,0.030
174,18,131072,0.022
175,01,1,242.865
175,02,2,120.842
175,03,4,60.037
175,04,8,30.576
175,05,16,15.133
175,06,32,7.666
175,07,64,3.798
175,08,128,1.923
175,09,256,0.977
175,10,512,0.493
175,11,1024,0.259
175,12,2048,0.143
175,13,4096,0.078
175,14,8192,0.063
175,15,16384,0.049
175,16,32768,0.031
175,17,65536,0.029
175,18,131072,0.026
176,01,1,242.154
176,02,2,120.026
176,03,4,59.991
176,04,8,29.983
176,05,16,14.894
176,06,32,7.495
176,07,64,3.729
176,08,128,1.890
176,09,256,1.006
176,10,512,0.490
176,11,1024,0.261
176,12,2048,0.136
176,13,4096,0.075
176,14,8192,0.055
176,15,16384,0.033
176,16,32768,0.028
176,17,65536,0.023
176,18,131072,0.021
177,01,1,245.889
177,02,2,122.534
177,03,4,61.933
177,04,8,31.008
177,05,16,15.200
177,06,32,7.591
177,07,64,3.768
177,08,128,2.285
177,09,256,0.977
177,10,512,0.495
177,11,1024,0.267
177,12,2048,0.140
177,13,4096,0.080
177,14,8192,0.049
177,15,16384,0.039
177,16,32768,0.028
177,17,65536,0.025
177,18,131072,0.024
178,01,1,243.303
178,02,2,120.575
178,03,4,60.121
178,04,8,30.391
178,05,16,15.243
178,06,32,7.534
178,07,64,3.723
178,08,128,1.894
178,09,256,0.945
178,10,512,0.477
178,11,1024,0.255
178,12,2048,0.133
178,13,4096,0.072
178,14,8192,0.042
178,15,16384,0.030
178,16,32768,0.025
178,17,65536,0.021
178,18,131072,0.022
179,01,1,333.884
179,02,2,172.597
179,03,4,87.596
179,04,8,44.915
179,05,16,21.313
179,06,32,10.860
179,07,64,5.412
179,08,128,2.757
179,09,256,1.362
179,10,512,0.697
179,11,1024,0.352
179,12,2048,0.191
179,13,4096,0.104
179,14,8192,0.062
179,15,16384,0.042
179,16,32768,0.039
179,17,65536,0.026
179,18,131072,0.022
180,01,1,340.243
180,02,2,169.377
180,03,4,85.509
180,04,8,43.768
180,05,16,21.556
180,06,32,10.896
180,07,64,5.419
180,08,128,2.811
180,09,256,1.380
180,10,512,0.693
180,11,1024,0.363
180,12,2048,0.202
180,13,4096,0.127
180,14,8192,0.087
180,15,16384,0.078
180,16,32768,0.081
180,17,65536,0.050
180,18,131072,0.046
181,01,1,268.861
181,02,2,133.789
181,03,4,66.695
181,04,8,33.251
181,05,16,16.582
181,06,32,8.348
181,07,64,4.231
181,08,128,2.149
181,09,256,1.077
181,10,512,0.565
181,11,1024,0.929
181,12,2048,0.190
181,13,4096,0.096
181,14,8192,0.067
181,15,16384,0.060
181,16,32768,0.046
181,17,65536,0.067
181,18,131072,0.037
182,01,1,242.668
182,02,2,120.937
182,03,4,59.689
182,04,8,30.171
182,05,16,15.264
182,06,32,7.524
182,07,64,3.727
182,08,128,1.882
182,09,256,0.935
182,10,512,0.489
182,11,1024,0.253
182,12,2048,0.140
182,13,4096,0.096
182,14,8192,0.051
182,15,16384,0.037
182,16,32768,0.030
182,17,65536,0.028
182,18,131072,0.023
183,01,1,241.354
183,02,2,122.623
183,03,4,61.405
183,04,8,31.073
183,05,16,15.292
183,06,32,7.725
183,07,64,3.848
183,08,128,1.930
183,09,256,0.951
183,10,512,0.499
183,11,1024,0.256
183,12,2048,0.147
183,13,4096,0.077
183,14,8192,0.048
183,15,16384,0.033
183,16,32768,0.026
183,17,65536,0.023
183,18,131072,0.020
184,01,1,250.460
184,02,2,123.940
184,03,4,61.589
184,04,8,30.698
184,05,16,15.202
184,06,32,7.693
184,07,64,3.808
184,08,128,1.933
184,09,256,0.956
184,10,512,0.505
184,11,1024,0.259
184,12,2048,0.137
184,13,4096,0.074
184,14,8192,0.044
184,15,16384,0.032
184,16,32768,0.027
184,17,65536,0.026
184,18,131072,0.018
185,01,1,247.500
185,02,2,131.971
185,03,4,60.828
185,04,8,30.841
185,05,16,15.294
185,06,32,7.665
185,07,64,3.804
185,08,128,1.917
185,09,256,0.960
185,10,512,0.510
185,11,1024,0.264
185,12,2048,0.146
185,13,4096,0.076
185,14,8192,0.051
185,15,16384,0.032
185,16,32768,0.027
185,17,65536,0.022
185,18,131072,0.021
186,01,1,244.686
186,02,2,122.976
186,03,4,60.279
186,04,8,31.530
186,05,16,19.127
186,06,32,17.660
186,07,64,7.292
186,08,128,4.018
186,09,256,1.930
186,10,512,1.051
186,11,1024,0.488
186,12,2048,0.245
186,13,4096,0.124
186,14,8192,0.071
186,15,16384,0.044
186,16,32768,0.038
186,17,65536,0.025
186,18,131072,0.022
187,01,1,393.186
187,02,2,173.612
187,03,4,85.755
187,04,8,42.947
187,05,16,21.304
187,06,32,10.817
187,07,64,5.472
187,08,128,2.821
187,09,256,1.361
187,10,512,0.721
187,11,1024,0.368
187,12,2048,0.204
187,13,4096,0.121
187,14,8192,0.076
187,15,16384,0.060
187,16,32768,0.059
187,17,65536,0.048
187,18,131072,0.044
188,01,1,343.952
188,02,2,173.967
188,03,4,86.512
188,04,8,42.760
188,05,16,21.280
188,06,32,10.812
188,07,64,5.418
188,08,128,2.803
188,09,256,1.355
188,10,512,0.706
188,11,1024,0.355
188,12,2048,0.192
188,13,4096,0.106
188,14,8192,0.063
188,15,16384,0.049
188,16,32768,0.041
188,17,65536,0.034
188,18,131072,0.036
189,01,1,267.853
189,02,2,133.963
189,03,4,66.605
189,04,8,33.258
189,05,16,16.278
189,06,32,8.708
189,07,64,4.201
189,08,128,2.101
189,09,256,1.076
189,10,512,0.554
189,11,1024,0.289
189,12,2048,0.154
189,13,4096,0.087
189,14,8192,0.051
189,15,16384,0.041
189,16,32768,0.039
189,17,65536,0.029
189,18,131072,0.035
190,01,1,244.284
190,02,2,122.290
190,03,4,60.169
190,04,8,31.121
190,05,16,15.150
190,06,32,7.514
190,07,64,3.814
190,08,128,1.926
190,09,256,0.969
190,10,512,0.499
190,11,1024,0.258
190,12,2048,0.142
190,13,4096,0.082
190,14,8192,0.055
190,15,16384,0.037
190,16,32768,0.038
190,17,65536,0.044
190,18,131072,0.027
191,01,1,241.180
191,02,2,121.868
191,03,4,60.978
191,04,8,30.839
191,05,16,15.168
191,06,32,7.531
191,07,64,3.780
191,08,128,1.917
191,09,256,0.974
191,10,512,0.494
191,11,1024,0.254
191,12,2048,0.135
191,13,4096,0.072
191,14,8192,0.054
191,15,16384,0.030
191,16,32768,0.027
191,17,65536,0.019
191,18,131072,0.016
192,01,1,244.298
192,02,2,121.401
192,03,4,60.327
192,04,8,30.286
192,05,16,15.161
192,06,32,7.492
192,07,64,3.809
192,08,128,1.911
192,09,256,0.950
192,10,512,0.485
192,11,1024,0.247
192,12,2048,0.136
192,13,4096,0.077
192,14,8192,0.047
192,15,16384,0.039
192,16,32768,0.025
192,17,65536,0.020
192,18,131072,0.016
193,01,1,241.647
193,02,2,120.638
193,03,4,60.710
193,04,8,30.244
193,05,16,15.123
193,06,32,7.722
193,07,64,3.783
193,08,128,1.918
193,09,256,0.965
193,10,512,0.497
193,11,1024,0.256
193,12,2048,0.144
193,13,4096,0.088
193,14,8192,0.057
193,15,16384,0.038
193,16,32768,0.036
193,17,65536,0.029
193,18,131072,0.026
194,01,1,242.453
194,02,2,121.283
194,03,4,59.682
194,04,8,30.503
194,05,16,15.092
194,06,32,7.525
194,07,64,4.196
194,08,128,1.970
194,09,256,0.978
194,10,512,0.527
194,11,1024,0.267
194,12,2048,0.158
194,13,4096,0.084
194,14,8192,0.060
194,15,16384,0.058
194,16,32768,0.034
194,17,65536,0.027
194,18,131072,0.028
195,01,1,241.708
195,02,2,119.706
195,03,4,59.418
195,04,8,30.214
195,05,16,15.015
195,06,32,7.455
195,07,64,3.789
195,08,128,1.926
195,09,256,0.980
195,10,512,0.504
195,11,1024,0.264
195,12,2048,0.150
195,13,4096,0.110
195,14,8192,0.074
195,15,16384,0.049
195,16,32768,0.051
195,17,65536,0.043
195,18,131072,0.046
196,01,1,240.841
196,02,2,120.476
196,03,4,60.169
196,04,8,30.159
196,05,16,15.291
196,06,32,7.545
196,07,64,3.821
196,08,128,1.923
196,09,256,0.981
196,10,512,0.509
196,11,1024,0.266
196,12,2048,0.156
196,13,4096,0.085
196,14,8192,0.065
196,15,16384,0.053
196,16,32768,0.070
196,17,65536,0.041
196,18,131072,0.042
197,01,1,243.750
197,02,2,120.885
197,03,4,60.512
197,04,8,30.205
197,05,16,15.138
197,06,32,7.838
197,07,64,3.742
197,08,128,1.904
197,09,256,0.953
197,10,512,0.482
197,11,1024,0.252
197,12,2048,0.135
197,13,4096,0.078
197,14,8192,0.051
197,15,16384,0.033
197,16,32768,0.034
197,17,65536,0.021
197,18,131072,0.018
198,01,1,238.896
198,02,2,121.349
198,03,4,60.584
198,04,8,30.890
198,05,16,15.240
198,06,32,7.531
198,07,64,3.862
198,08,128,1.939
198,09,256,0.974
198,10,512,0.506
198,11,1024,0.269
198,12,2048,0.161
198,13,4096,0.085
198,14,8192,0.066
198,15,16384,0.047
198,16,32768,0.046
198,17,65536,0.041
198,18,131072,0.042
199,01,1,244.284
199,02,2,120.951
199,03,4,59.884
199,04,8,30.703
199,05,16,15.111
199,06,32,7.527
199,07,64,3.785
199,08,128,1.931
199,09,256,0.959
199,10,512,0.521
199,11,1024,0.256
199,12,2048,0.151
199,13,4096,0.088
199,14,8192,0.068
199,15,16384,0.053
199,16,32768,0.055
199,17,65536,0.049
199,18,131072,0.049
200,01,1,240.394
200,02,2,119.695
200,03,4,59.668
200,04,8,29.914
200,05,16,15.033
200,06,32,7.499
200,07,64,3.769
200,08,128,1.920
200,09,256,0.970
200,10,512,0.512
200,11,1024,0.263
200,12,2048,0.150
200,13,4096,0.100
200,14,8192,0.068
200,15,16384,0.051
200,16,32768,0.045
200,17,65536,0.040
200,18,131072,0.045
201,01,1,241.108
201,02,2,120.286
201,03,4,60.351
201,04,8,30.496
201,05,16,15.101
201,06,32,7.513
201,07,64,4.336
201,08,128,1.919
201,09,256,0.972
201,10,512,0.512
201,11,1024,0.257
201,12,2048,0.144
201,13,4096,0.077
201,14,8192,0.054
201,15,16384,0.036
201,16,32768,0.031
201,17,65536,0.026
201,18,131072,0.026
202,01,1,241.337
202,02,2,120.270
202,03,4,59.798
202,04,8,30.892
202,05,16,15.823
202,06,32,7.457
202,07,64,3.733
202,08,128,1.902
202,09,256,0.948
202,10,512,0.486
202,11,1024,0.249
202,12,2048,0.131
202,13,4096,0.079
202,14,8192,0.046
202,15,16384,0.032
202,16,32768,0.024
202,17,65536,0.019
202,18,131072,0.017
203,01,1,239.001
203,02,2,119.788
203,03,4,59.640
203,04,8,30.615
203,05,16,15.153
203,06,32,7.475
203,07,64,3.766
203,08,128,1.895
203,09,256,0.961
203,10,512,0.489
203,11,1024,0.253
203,12,2048,0.139
203,13,4096,0.078
203,14,8192,0.059
203,15,16384,0.036
203,16,32768,0.036
203,17,65536,0.043
203,18,131072,0.025
204,01,1,240.569
204,02,2,120.077
204,03,4,60.139
204,04,8,30.182
204,05,16,15.012
204,06,32,7.517
204,07,64,3.766
204,08,128,1.904
204,09,256,0.955
204,10,512,0.483
204,11,1024,0.256
204,12,2048,0.138
204,13,4096,0.071
204,14,8192,0.046
204,15,16384,0.027
204,16,32768,0.026
204,17,65536,0.019
204,18,131072,0.017
205,01,1,245.636
205,02,2,120.225
205,03,4,59.859
205,04,8,30.183
205,05,16,15.542
205,06,32,7.525
205,07,64,3.833
205,08,128,1.926
205,09,256,1.003
205,10,512,0.517
205,11,1024,0.263
205,12,2048,0.146
205,13,4096,0.081
205,14,8192,0.061
205,15,16384,0.040
205,16,32768,0.038
205,17,65536,0.032
205,18,131072,0.027
206,01,1,241.674
206,02,2,120.332
206,03,4,59.715
206,04,8,30.628
206,05,16,15.123
206,06,32,7.580
206,07,64,3.851
206,08,128,1.934
206,09,256,0.963
206,10,512,0.494
206,11,1024,0.262
206,12,2048,0.149
206,13,4096,0.078
206,14,8192,0.054
206,15,16384,0.036
206,16,32768,0.033
206,17,65536,0.029
206,18,131072,0.026
207,01,1,241.576
207,02,2,119.897
207,03,4,60.220
207,04,8,30.302
207,05,16,15.206
207,06,32,7.588
207,07,64,3.822
207,08,128,1.938
207,09,256,0.992
207,10,512,0.523
207,11,1024,0.266
207,12,2048,0.154
207,13,4096,0.082
207,14,8192,0.065
207,15,16384,0.044
207,16,32768,0.037
207,17,65536,0.030
207,18,131072,0.026
208,01,1,240.775
208,02,2,120.431
208,03,4,60.213
208,04,8,30.221
208,05,16,15.091
208,06,32,7.462
208,07,64,3.773
208,08,128,1.897
208,09,256,0.967
208,10,512,0.499
208,11,1024,0.257
208,12,2048,0.148
208,13,4096,0.071
208,14,8192,0.050
208,15,16384,0.031
208,16,32768,0.025
208,17,65536,0.021
208,18,131072,0.018
209,01,1,241.185
209,02,2,119.935
209,03,4,60.190
209,04,8,30.238
209,05,16,15.358
209,06,32,7.525
209,07,64,3.836
209,08,128,1.928
209,09,256,0.987
209,10,512,0.507
209,11,1024,0.263
209,12,2048,0.151
209,13,4096,0.091
209,14,8192,0.058
209,15,16384,0.045
209,16,32768,0.037
209,17,65536,0.036
209,18,131072,0.032
210,01,1,240.364
210,02,2,120.503
210,03,4,59.324
210,04,8,30.355
210,05,16,14.985
210,06,32,7.484
210,07,64,3.819
210,08,128,1.920
210,09,256,0.977
210,10,512,0.490
210,11,1024,0.268
210,12,2048,0.146
210,13,4096,0.079
210,14,8192,0.053
210,15,16384,0.037
210,16,32768,0.032
210,17,65536,0.030
210,18,131072,0.027
211,01,1,241.462
211,02,2,119.887
211,03,4,60.909
211,04,8,30.464
211,05,16,15.105
211,06,32,7.500
211,07,64,3.961
211,08,128,1.940
211,09,256,0.973
211,10,512,0.495
211,11,1024,0.273
211,12,2048,0.150
211,13,4096,0.089
211,14,8192,0.068
211,15,16384,0.049
211,16,32768,0.051
211,17,65536,0.042
211,18,131072,0.044
212,01,1,246.768
212,02,2,120.797
212,03,4,60.678
212,04,8,30.378
212,05,16,15.126
212,06,32,7.560
212,07,64,3.802
212,08,128,1.912
212,09,256,0.980
212,10,512,0.497
212,11,1024,0.258
212,12,2048,0.139
212,13,4096,0.077
212,14,8192,0.053
212,15,16384,0.033
212,16,32768,0.031
212,17,65536,0.025
212,18,131072,0.024
213,01,1,241.970
213,02,2,120.263
213,03,4,60.307
213,04,8,30.188
213,05,16,15.365
213,06,32,7.452
213,07,64,3.769
213,08,128,1.893
213,09,256,0.958
213,10,512,0.482
213,11,1024,0.253
213,12,2048,0.139
213,13,4096,0.076
213,14,8192,0.048
213,15,16384,0.035
213,16,32768,0.028
213,17,65536,0.025
213,18,131072,0.025
214,01,1,241.866
214,02,2,120.171
214,03,4,59.858
214,04,8,30.395
214,05,16,15.000
214,06,32,7.458
214,07,64,3.781
214,08,128,1.924
214,09,256,0.975
214,10,512,0.493
214,11,1024,0.256
214,12,2048,0.145
214,13,4096,0.086
214,14,8192,0.056
214,15,16384,0.041
214,16,32768,0.049
214,17,65536,0.030
214,18,131072,0.026
215,01,1,242.017
215,02,2,120.745
215,03,4,60.603
215,04,8,30.201
215,05,16,15.176
215,06,32,7.500
215,07,64,3.784
215,08,128,1.934
215,09,256,0.977
215,10,512,0.507
215,11,1024,0.268
215,12,2048,0.153
215,13,4096,0.088
215,14,8192,0.061
215,15,16384,0.049
215,16,32768,0.048
215,17,65536,0.042
215,18,131072,0.067
216,01,1,247.296
216,02,2,122.023
216,03,4,60.527
216,04,8,30.414
216,05,16,15.169
216,06,32,7.549
216,07,64,3.805
216,08,128,1.898
216,09,256,0.979
216,10,512,0.499
216,11,1024,0.268
216,12,2048,0.142
216,13,4096,0.081
216,14,8192,0.052
216,15,16384,0.034
216,16,32768,0.032
216,17,65536,0.028
216,18,131072,0.062
217,01,1,244.938
217,02,2,121.289
217,03,4,61.243
217,04,8,30.496
217,05,16,15.552
217,06,32,7.518
217,07,64,3.791
217,08,128,1.936
217,09,256,0.973
217,10,512,0.491
217,11,1024,0.262
217,12,2048,0.138
217,13,4096,0.076
217,14,8192,0.049
217,15,16384,0.033
217,16,32768,0.024
217,17,65536,0.026
217,18,131072,0.020
218,01,1,245.322
218,02,2,173.742
218,03,4,85.845
218,04,8,43.197
218,05,16,21.791
218,06,32,11.081
218,07,64,5.555
218,08,128,2.788
218,09,256,1.480
218,10,512,0.790
218,11,1024,0.476
218,12,2048,0.295
218,13,4096,0.192
218,14,8192,0.167
218,15,16384,0.134
218,16,32768,0.145
218,17,65536,0.111
218,18,131072,0.107
219,01,1,341.402
219,02,2,171.007
219,03,4,86.289
219,04,8,43.646
219,05,16,21.879
219,06,32,10.825
219,07,64,5.537
219,08,128,2.730
219,09,256,1.355
219,10,512,0.688
219,11,1024,0.368
219,12,2048,0.184
219,13,4096,0.095
219,14,8192,0.065
219,15,16384,0.037
219,16,32768,0.031
219,17,65536,0.023
219,18,131072,0.019
220,01,1,351.645
220,02,2,177.646
220,03,4,87.368
220,04,8,43.680
220,05,16,22.127
220,06,32,10.944
220,07,64,5.570
220,08,128,2.776
220,09,256,1.391
220,10,512,0.693
220,11,1024,0.379
220,12,2048,0.193
220,13,4096,0.116
220,14,8192,0.062
220,15,16384,0.046
220,16,32768,0.029
220,17,65536,0.025
220,18,131072,0.020
221,01,1,270.233
221,02,2,138.048
221,03,4,71.370
221,04,8,33.960
221,05,16,17.447
221,06,32,8.604
221,07,64,4.429
221,08,128,2.117
221,09,256,1.086
221,10,512,0.559
221,11,1024,0.300
221,12,2048,0.153
221,13,4096,0.082
221,14,8192,0.060
221,15,16384,0.040
221,16,32768,0.045
221,17,65536,0.034
221,18,131072,0.028
222,01,1,249.235
222,02,2,122.218
222,03,4,61.051
222,04,8,30.555
222,05,16,15.016
222,06,32,7.488
222,07,64,3.813
222,08,128,1.861
222,09,256,0.974
222,10,512,0.503
222,11,1024,0.272
222,12,2048,0.138
222,13,4096,0.075
222,14,8192,0.046
222,15,16384,0.034
222,16,32768,0.030
222,17,65536,0.024
222,18,131072,0.023
223,01,1,245.174
223,02,2,121.490
223,03,4,60.704
223,04,8,30.316
223,05,16,14.899
223,06,32,7.470
223,07,64,3.795
223,08,128,1.833
223,09,256,0.979
223,10,512,0.480
223,11,1024,0.249
223,12,2048,0.135
223,13,4096,0.078
223,14,8192,0.045
223,15,16384,0.030
223,16,32768,0.027
223,17,65536,0.024
223,18,131072,0.018
224,01,1,244.372
224,02,2,125.892
224,03,4,61.567
224,04,8,30.884
224,05,16,14.997
224,06,32,7.611
224,07,64,3.849
224,08,128,1.868
224,09,256,0.987
224,10,512,0.496
224,11,1024,0.259
224,12,2048,0.142
224,13,4096,0.073
224,14,8192,0.048
224,15,16384,0.030
224,16,32768,0.025
224,17,65536,0.026
224,18,131072,0.018
225,01,1,244.593
225,02,2,120.008
225,03,4,60.505
225,04,8,30.005
225,05,16,14.919
225,06,32,7.483
225,07,64,3.790
225,08,128,1.823
225,09,256,0.957
225,10,512,0.509
225,11,1024,0.267
225,12,2048,0.149
225,13,4096,0.091
225,14,8192,0.056
225,15,16384,0.047
225,16,32768,0.035
225,17,65536,0.032
225,18,131072,0.029
226,01,1,245.293
226,02,2,124.850
226,03,4,61.875
226,04,8,31.480
226,05,16,15.345
226,06,32,7.697
226,07,64,3.871
226,08,128,2.306
226,09,256,0.987
226,10,512,0.494
226,11,1024,0.264
226,12,2048,0.135
226,13,4096,0.075
226,14,8192,0.046
226,15,16384,0.033
226,16,32768,0.025
226,17,65536,0.022
226,18,131072,0.018
227,01,1,248.559
227,02,2,122.187
227,03,4,61.069
227,04,8,30.450
227,05,16,15.362
227,06,32,7.675
227,07,64,3.858
227,08,128,1.885
227,09,256,0.969
227,10,512,0.497
227,11,1024,0.259
227,12,2048,0.145
227,13,4096,0.080
227,14,8192,0.052
227,15,16384,0.036
227,16,32768,0.030
227,17,65536,0.027
227,18,131072,0.024
228,01,1,244.038
228,02,2,122.031
228,03,4,60.441
228,04,8,30.617
228,05,16,15.061
228,06,32,7.582
228,07,64,3.825
228,08,128,1.870
228,09,256,0.980
228,10,512,0.500
228,11,1024,0.264
228,12,2048,0.176
228,13,4096,0.229
228,14,8192,0.141
228,15,16384,0.066
228,16,32768,0.074
228,17,65536,0.047
228,18,131072,0.047
229,01,1,246.293
229,02,2,123.480
229,03,4,61.218
229,04,8,30.430
229,05,16,15.009
229,06,32,7.585
229,07,64,3.832
229,08,128,1.877
229,09,256,1.002
229,10,512,0.517
229,11,1024,0.270
229,12,2048,0.140
229,13,4096,0.085
229,14,8192,0.065
229,15,16384,0.042
229,16,32768,0.032
229,17,65536,0.027
229,18,131072,0.028
230,01,1,244.310
230,02,2,125.538
230,03,4,61.262
230,04,8,30.249
230,05,16,15.050
230,06,32,7.525
230,07,64,3.817
230,08,128,1.876
230,09,256,0.967
230,10,512,0.760
230,11,1024,0.345
230,12,2048,0.640
230,13,4096,0.086
230,14,8192,0.051
230,15,16384,0.035
230,16,32768,0.028
230,17,65536,0.033
230,18,131072,0.021
231,01,1,243.248
231,02,2,121.609
231,03,4,61.169
231,04,8,30.303
231,05,16,15.355
231,06,32,7.569
231,07,64,3.772
231,08,128,1.895
231,09,256,0.984
231,10,512,0.520
231,11,1024,0.258
231,12,2048,0.145
231,13,4096,0.080
231,14,8192,0.051
231,15,16384,0.037
231,16,32768,0.037
231,17,65536,0.026
231,18,131072,0.040
232,01,1,242.637
232,02,2,173.471
232,03,4,85.895
232,04,8,44.749
232,05,16,22.389
232,06,32,11.312
232,07,64,5.815
232,08,128,2.800
232,09,256,1.654
232,10,512,0.715
232,11,1024,0.368
232,12,2048,0.138
232,13,4096,0.107
232,14,8192,0.061
232,15,16384,0.041
232,16,32768,0.027
232,17,65536,0.023
232,18,131072,0.034
233,01,1,270.896
233,02,2,136.255
233,03,4,67.441
233,04,8,33.640
233,05,16,16.391
233,06,32,8.357
233,07,64,4.177
233,08,128,2.104
233,09,256,1.071
233,10,512,0.557
233,11,1024,0.293
233,12,2048,0.140
233,13,4096,0.085
233,14,8192,0.057
233,15,16384,0.042
233,16,32768,0.040
233,17,65536,0.025
233,18,131072,0.022
234,01,1,243.288
234,02,2,122.556
234,03,4,61.156
234,04,8,29.918
234,05,16,15.122
234,06,32,7.563
234,07,64,4.852
234,08,128,2.258
234,09,256,1.060
234,10,512,0.512
234,11,1024,0.265
234,12,2048,0.141
234,13,4096,0.079
234,14,8192,0.100
234,15,16384,0.620
234,16,32768,0.516
234,17,65536,0.090
234,18,131072,0.591
235,01,1,250.279
235,02,2,125.084
235,03,4,61.883
235,04,8,30.531
235,05,16,15.628
235,06,32,7.554
235,07,64,3.846
235,08,128,1.904
235,09,256,0.974
235,10,512,0.525
235,11,1024,0.260
235,12,2048,0.195
235,13,4096,0.076
235,14,8192,0.059
235,15,16384,0.032
235,16,32768,0.029
235,17,65536,0.023
235,18,131072,0.020
236,01,1,247.043
236,02,2,122.294
236,03,4,62.250
236,04,8,30.955
236,05,16,15.021
236,06,32,7.424
236,07,64,3.799
236,08,128,1.893
236,09,256,0.980
236,10,512,0.489
236,11,1024,0.275
236,12,2048,0.201
236,13,4096,0.083
236,14,8192,0.053
236,15,16384,0.037
236,16,32768,0.036
236,17,65536,0.032
236,18,131072,0.029
237,01,1,250.677
237,02,2,122.657
237,03,4,61.263
237,04,8,30.031
237,05,16,15.077
237,06,32,7.374
237,07,64,3.798
237,08,128,1.900
237,09,256,0.978
237,10,512,0.490
237,11,1024,0.259
237,12,2048,0.174
237,13,4096,0.081
237,14,8192,0.052
237,15,16384,0.039
237,16,32768,0.047
237,17,65536,0.043
237,18,131072,0.030
238,01,1,250.216
238,02,2,123.656
238,03,4,61.553
238,04,8,30.355
238,05,16,15.166
238,06,32,7.420
238,07,64,3.800
238,08,128,1.884
238,09,256,0.965
238,10,512,0.481
238,11,1024,0.260
238,12,2048,0.134
238,13,4096,0.072
238,14,8192,0.045
238,15,16384,0.030
238,16,32768,0.025
238,17,65536,0.020
238,18,131072,0.019
239,01,1,249.011
239,02,2,123.173
239,03,4,61.037
239,04,8,30.219
239,05,16,15.643
239,06,32,7.431
239,07,64,3.844
239,08,128,1.883
239,09,256,0.965
239,10,512,0.485
239,11,1024,0.259
239,12,2048,0.145
239,13,4096,0.093
239,14,8192,0.053
239,15,16384,0.037
239,16,32768,0.031
239,17,65536,0.028
239,18,131072,0.026
240,01,1,244.231
240,02,2,123.301
240,03,4,60.856
240,04,8,30.713
240,05,16,15.190
240,06,32,7.444
240,07,64,3.781
240,08,128,1.909
240,09,256,0.975
240,10,512,0.497
240,11,1024,0.286
240,12,2048,0.151
240,13,4096,0.086
240,14,8192,0.064
240,15,16384,0.047
240,16,32768,0.053
240,17,65536,0.045
240,18,131072,0.041
241,01,1,244.743
241,02,2,121.830
241,03,4,60.564
241,04,8,30.541
241,05,16,15.348
241,06,32,7.555
241,07,64,3.869
241,08,128,1.945
241,09,256,0.988
241,10,512,0.507
241,11,1024,0.281
241,12,2048,0.155
241,13,4096,0.085
241,14,8192,0.076
241,15,16384,0.048
241,16,32768,0.039
241,17,65536,0.031
241,18,131072,0.028
242,01,1,245.191
242,02,2,121.013
242,03,4,60.641
242,04,8,30.033
242,05,16,15.188
242,06,32,7.449
242,07,64,3.786
242,08,128,1.930
242,09,256,0.994
242,10,512,0.503
242,11,1024,0.281
242,12,2048,0.142
242,13,4096,0.089
242,14,8192,0.055
242,15,16384,0.039
242,16,32768,0.037
242,17,65536,0.029
242,18,131072,0.027
243,01,1,243.784
243,02,2,122.245
243,03,4,60.866
243,04,8,29.717
243,05,16,15.418
243,06,32,7.476
243,07,64,3.783
243,08,128,1.874
243,09,256,0.956
243,10,512,0.490
243,11,1024,0.256
243,12,2048,0.157
243,13,4096,0.076
243,14,8192,0.060
243,15,16384,0.035
243,16,32768,0.030
243,17,65536,0.027
243,18,131072,0.027
244,01,1,243.090
244,02,2,123.200
244,03,4,60.331
244,04,8,30.140
244,05,16,15.107
244,06,32,7.420
244,07,64,3.793
244,08,128,1.894
244,09,256,0.988
244,10,512,0.649
244,11,1024,0.443
244,12,2048,0.228
244,13,4096,0.088
244,14,8192,0.198
244,15,16384,0.056
244,16,32768,0.116
244,17,65536,0.096
244,18,131072,0.093
245,01,1,243.299
245,02,2,123.306
245,03,4,60.867
245,04,8,37.156
245,05,16,28.961
245,06,32,14.655
245,07,64,7.110
245,08,128,3.790
245,09,256,1.895
245,10,512,0.969
245,11,1024,0.497
245,12,2048,0.282
245,13,4096,0.143
245,14,8192,0.102
245,15,16384,0.053
245,16,32768,0.049
245,17,65536,0.043
245,18,131072,0.036
246,01,1,402.979
246,02,2,168.952
246,03,4,85.471
246,04,8,42.792
246,05,16,15.043
246,06,32,7.599
246,07,64,3.791
246,08,128,1.926
246,09,256,1.008
246,10,512,0.521
246,11,1024,0.283
246,12,2048,0.155
246,13,4096,0.114
246,14,8192,0.068
246,15,16384,0.058
246,16,32768,0.050
246,17,65536,0.047
246,18,131072,0.044
247,01,1,344.882
247,02,2,171.482
247,03,4,87.304
247,04,8,43.481
247,05,16,15.251
247,06,32,7.677
247,07,64,3.814
247,08,128,1.902
247,09,256,0.982
247,10,512,0.491
247,11,1024,0.253
247,12,2048,0.134
247,13,4096,0.077
247,14,8192,0.050
247,15,16384,0.031
247,16,32768,0.025
247,17,65536,0.028
247,18,131072,0.019
248,01,1,352.396
248,02,2,169.743
248,03,4,86.174
248,04,8,42.760
248,05,16,15.023
248,06,32,7.888
248,07,64,3.730
248,08,128,1.881
248,09,256,0.969
248,10,512,0.526
248,11,1024,0.262
248,12,2048,0.170
248,13,4096,0.081
248,14,8192,0.071
248,15,16384,0.043
248,16,32768,0.036
248,17,65536,0.033
248,18,131072,0.031
249,01,1,266.989
249,02,2,132.360
249,03,4,66.735
249,04,8,35.025
249,05,16,15.624
249,06,32,7.825
249,07,64,3.966
249,08,128,1.974
249,09,256,0.985
249,10,512,0.498
249,11,1024,0.271
249,12,2048,0.145
249,13,4096,0.080
249,14,8192,0.048
249,15,16384,0.034
249,16,32768,0.027
249,17,65536,0.058
249,18,131072,0.030
250,01,1,248.616
250,02,2,123.685
250,03,4,60.777
250,04,8,31.046
250,05,16,15.437
250,06,32,7.678
250,07,64,3.862
250,08,128,1.888
250,09,256,0.981
250,10,512,0.492
250,11,1024,0.266
250,12,2048,0.140
250,13,4096,0.081
250,14,8192,0.054
250,15,16384,0.049
250,16,32768,0.030
250,17,65536,0.028
250,18,131072,0.023
251,01,1,247.832
251,02,2,120.747
251,03,4,59.710
251,04,8,30.154
251,05,16,15.840
251,06,32,7.682
251,07,64,3.853
251,08,128,1.914
251,09,256,0.968
251,10,512,0.511
251,11,1024,0.265
251,12,2048,0.140
251,13,4096,0.081
251,14,8192,0.064
251,15,16384,0.034
251,16,32768,0.030
251,17,65536,0.024
251,18,131072,0.022
252,01,1,244.602
252,02,2,121.439
252,03,4,59.943
252,04,8,30.305
252,05,16,15.273
252,06,32,7.791
252,07,64,3.799
252,08,128,1.907
252,09,256,0.973
252,10,512,0.493
252,11,1024,0.260
252,12,2048,0.149
252,13,4096,0.084
252,14,8192,0.050
252,15,16384,0.052
252,16,32768,0.032
252,17,65536,0.028
252,18,131072,0.025
253,01,1,243.213
253,02,2,122.368
253,03,4,59.964
253,04,8,30.729
253,05,16,15.241
253,06,32,7.568
253,07,64,3.832
253,08,128,1.910
253,09,256,0.991
253,10,512,0.497
253,11,1024,0.268
253,12,2048,0.152
253,13,4096,0.090
253,14,8192,0.066
253,15,16384,0.058
253,16,32768,0.048
253,17,65536,0.048
253,18,131072,0.069
254,01,1,243.134
254,02,2,121.889
254,03,4,59.589
254,04,8,31.822
254,05,16,15.093
254,06,32,7.558
254,07,64,3.823
254,08,128,1.903
254,09,256,0.971
254,10,512,0.503
254,11,1024,0.261
254,12,2048,0.147
254,13,4096,0.104
254,14,8192,0.068
254,15,16384,0.050
254,16,32768,0.049
254,17,65536,0.042
254,18,131072,0.041
255,01,1,241.304
255,02,2,125.254
255,03,4,60.080
255,04,8,30.252
255,05,16,21.637
255,06,32,10.763
255,07,64,5.411
255,08,128,2.711
255,09,256,1.376
255,10,512,0.717
255,11,1024,0.363
255,12,2048,0.194
255,13,4096,0.104
255,14,8192,0.065
255,15,16384,0.042
255,16,32768,0.032
255,17,65536,0.027
255,18,131072,0.026
256,01,1,243.984
256,02,2,122.130
256,03,4,60.809
256,04,8,30.339
256,05,16,21.734
256,06,32,10.804
256,07,64,5.841
256,08,128,2.738
256,09,256,1.382
256,10,512,0.724
256,11,1024,0.394
256,12,2048,0.198
256,13,4096,0.106
256,14,8192,0.077
256,15,16384,0.048
256,16,32768,0.035
256,17,65536,0.028
256,18,131072,0.028
